id,type,value,category,severity,source,recommended_action,enabled,tags,created_at,updated_at
bf032243-6ad9-420a-9216-d1f651c2d2fe,domain,tmodloader.org,c2,high,Threat Intel Hub,block_and_report,True,"source:otx;tlp:white;otx:tag=""remote access trojan"";otx:tag=""fake software"";otx:tag=""c2 infrastructure"";otx:tag=""process hollowing"";otx:tag=""screenconnect"";otx:tag=""powershell loader"";otx:tag=""typosquatting"";otx:tag=""seo poisoning"";otx:tag=""dll sideloading"";otx:tag=""AsyncRAT"";whoisxml:enriched;whoisxml:threat=""malware""",2026-07-07 16:20,2026-07-07 17:45
93841ae8-8458-4383-8b68-0d46a10db550,domain,axiscamerastation.org,c2,high,Threat Intel Hub,block_and_report,True,"source:otx;tlp:white;otx:tag=""rustdesk"";otx:tag=""trojanized installer"";otx:tag=""lateral movement"";otx:tag=""adaptixc2"";otx:tag=""akira"";otx:tag=""credential dumping"";otx:tag=""bumblebee"";otx:tag=""seo poisoning"";whoisxml:enriched;whoisxml:threat=""malware""",2026-07-07 16:20,2026-07-07 17:21
8a77fe25-dc9b-4929-b996-d66a9065143a,domain,tmodloader.pro,c2,high,Threat Intel Hub,block_and_report,True,"source:otx;tlp:white;otx:tag=""remote access trojan"";otx:tag=""fake software"";otx:tag=""c2 infrastructure"";otx:tag=""process hollowing"";otx:tag=""screenconnect"";otx:tag=""powershell loader"";otx:tag=""typosquatting"";otx:tag=""seo poisoning"";otx:tag=""dll sideloading"";otx:tag=""AsyncRAT"";whoisxml:enriched;whoisxml:threat=""malware""",2026-07-07 16:20,2026-07-07 17:21
828538e6-6771-4994-823a-56680244e410,domain,couldinstallup.com,c2,high,Threat Intel Hub,block_and_report,True,"source:otx;tlp:white;otx:tag=""india"";otx:tag=""government targeting"";otx:tag=""websocket"";otx:tag=""minirecon"";otx:tag=""zohomurk"";otx:tag=""shadowpad"";otx:tag=""cloud c2"";otx:tag=""hydropower"";otx:tag=""espionage"";otx:tag=""pubload"";whoisxml:enriched;whoisxml:threat=""malware""",2026-07-07 16:20,2026-07-07 17:21
4b4bd93b-3543-4637-be1e-ec9e994cbe4e,domain,angryipscanner.org,c2,high,Threat Intel Hub,block_and_report,True,"source:otx;tlp:white;otx:tag=""rustdesk"";otx:tag=""trojanized installer"";otx:tag=""lateral movement"";otx:tag=""adaptixc2"";otx:tag=""akira"";otx:tag=""credential dumping"";otx:tag=""bumblebee"";otx:tag=""seo poisoning"";whoisxml:enriched;whoisxml:threat=""malware""",2026-07-07 16:20,2026-07-07 17:21
1c4aca06-4693-4bcf-8355-db713a943c41,domain,opmanager.pro,c2,high,Threat Intel Hub,block_and_report,True,"source:otx;tlp:white;otx:tag=""rustdesk"";otx:tag=""trojanized installer"";otx:tag=""lateral movement"";otx:tag=""adaptixc2"";otx:tag=""akira"";otx:tag=""credential dumping"";otx:tag=""bumblebee"";otx:tag=""seo poisoning"";whoisxml:enriched;whoisxml:threat=""malware""",2026-07-07 16:20,2026-07-07 17:21
8a9a9565-7041-4f55-a43a-aad0c471fd8b,domain,2rxyt9urhq0bgj.org,c2,high,Threat Intel Hub,block_and_report,True,"source:otx;tlp:white;otx:tag=""rustdesk"";otx:tag=""trojanized installer"";otx:tag=""lateral movement"";otx:tag=""adaptixc2"";otx:tag=""akira"";otx:tag=""credential dumping"";otx:tag=""bumblebee"";otx:tag=""seo poisoning"";whoisxml:enriched;whoisxml:threat=""malware""",2026-07-07 16:20,2026-07-07 17:21
9ce68f10-5dff-4d7b-9f45-870fb7dbe1bf,domain,ev2sirbd269o5j.org,c2,high,Threat Intel Hub,block_and_report,True,"source:otx;tlp:white;otx:tag=""rustdesk"";otx:tag=""trojanized installer"";otx:tag=""lateral movement"";otx:tag=""adaptixc2"";otx:tag=""akira"";otx:tag=""credential dumping"";otx:tag=""bumblebee"";otx:tag=""seo poisoning"";whoisxml:enriched;whoisxml:threat=""malware""",2026-07-07 16:20,2026-07-07 17:21
b0f53503-eb5f-43b5-83ae-7a0303bb9a00,domain,ijt0l3i8brit6q.org,c2,high,Threat Intel Hub,block_and_report,True,"source:otx;tlp:white;otx:tag=""rustdesk"";otx:tag=""trojanized installer"";otx:tag=""lateral movement"";otx:tag=""adaptixc2"";otx:tag=""akira"";otx:tag=""credential dumping"";otx:tag=""bumblebee"";otx:tag=""seo poisoning"";whoisxml:enriched;whoisxml:threat=""malware""",2026-07-07 16:20,2026-07-07 17:21
763001ec-d29d-4ff2-8f92-b32e786ce33d,domain,ip-scanner.org,c2,high,Threat Intel Hub,block_and_report,True,"source:otx;tlp:white;otx:tag=""rustdesk"";otx:tag=""trojanized installer"";otx:tag=""lateral movement"";otx:tag=""adaptixc2"";otx:tag=""akira"";otx:tag=""credential dumping"";otx:tag=""bumblebee"";otx:tag=""seo poisoning"";whoisxml:enriched;whoisxml:threat=""malware""",2026-07-07 16:20,2026-07-07 17:21
otx-698b63d4a7a0ee426b30664d-4201119635,domain,2-api.mooo.com,network_activity,high,Threat Intel Hub,block_and_report,True,"source:otx;tlp:white;otx:tag=""smartermail"";otx:tag=""cve-2026-23760"";otx:tag=""warlock"";otx:tag=""ransomware"";whoisxml:enriched",2026-07-13 19:09,2026-07-13 19:14
otx-698d2ac3b38a12b4cb5a2723-4203972412,url,http://95.179.213.0/update/Upgrade.exe,network_activity,high,Threat Intel Hub,block_and_report,True,"source:otx;tlp:white;otx:tag=""cobalt strike"";otx:tag=""chrysalis"";otx:tag=""supply chain"";otx:tag=""infrastructure hijacking"";otx:tag=""notepad++"";whoisxml:enriched",2026-07-13 19:09,2026-07-13 19:14
otx-698d2ac3b38a12b4cb5a2723-4196141957,url,http://95.179.213.0/update/AutoUpdater.exe,network_activity,high,Threat Intel Hub,block_and_report,True,"source:otx;tlp:white;otx:tag=""cobalt strike"";otx:tag=""chrysalis"";otx:tag=""supply chain"";otx:tag=""infrastructure hijacking"";otx:tag=""notepad++"";whoisxml:enriched",2026-07-13 19:09,2026-07-13 19:14
otx-698d2ac3b38a12b4cb5a2723-4196141954,url,http://45.76.155.202/update/update.exe,network_activity,high,Threat Intel Hub,block_and_report,True,"source:otx;tlp:white;otx:tag=""cobalt strike"";otx:tag=""chrysalis"";otx:tag=""supply chain"";otx:tag=""infrastructure hijacking"";otx:tag=""notepad++"";whoisxml:enriched",2026-07-13 19:09,2026-07-13 19:14
otx-698d2ac3b38a12b4cb5a2723-4196141952,url,http://45.32.144.255/update/update.exe,network_activity,high,Threat Intel Hub,block_and_report,True,"source:otx;tlp:white;otx:tag=""cobalt strike"";otx:tag=""chrysalis"";otx:tag=""supply chain"";otx:tag=""infrastructure hijacking"";otx:tag=""notepad++"";whoisxml:enriched",2026-07-13 19:09,2026-07-13 19:14
otx-698dadc46c71569240154489-4204167586,domain,dronemaker.org,network_activity,high,Threat Intel Hub,block_and_report,True,"source:otx;tlp:white;otx:tag=""cryptocurrency"";otx:tag=""ransomware"";otx:tag=""voidcrypt"";otx:tag=""net monitor"";otx:tag=""employee monitoring"";otx:tag=""remote access"";otx:tag=""vpn compromise"";otx:tag=""crazy"";otx:tag=""crazy ransomware"";otx:tag=""simplehelp"";whoisxml:enriched",2026-07-13 19:09,2026-07-13 19:14
otx-698dadc46c71569240154489-4165140687,domain,microuptime.com,network_activity,high,Threat Intel Hub,block_and_report,True,"source:otx;tlp:white;otx:tag=""cryptocurrency"";otx:tag=""ransomware"";otx:tag=""voidcrypt"";otx:tag=""net monitor"";otx:tag=""employee monitoring"";otx:tag=""remote access"";otx:tag=""vpn compromise"";otx:tag=""crazy"";otx:tag=""crazy ransomware"";otx:tag=""simplehelp"";whoisxml:enriched",2026-07-13 19:09,2026-07-13 19:14
otx-698dadc46c71569240154489-4137335132,domain,telesupportgroup.com,network_activity,high,Threat Intel Hub,block_and_report,True,"source:otx;tlp:white;otx:tag=""cryptocurrency"";otx:tag=""ransomware"";otx:tag=""voidcrypt"";otx:tag=""net monitor"";otx:tag=""employee monitoring"";otx:tag=""remote access"";otx:tag=""vpn compromise"";otx:tag=""crazy"";otx:tag=""crazy ransomware"";otx:tag=""simplehelp"";whoisxml:enriched",2026-07-13 19:09,2026-07-13 19:14
otx-698dadc46c71569240154489-1817786966,domain,networklookout.com,network_activity,high,Threat Intel Hub,block_and_report,True,"source:otx;tlp:white;otx:tag=""cryptocurrency"";otx:tag=""ransomware"";otx:tag=""voidcrypt"";otx:tag=""net monitor"";otx:tag=""employee monitoring"";otx:tag=""remote access"";otx:tag=""vpn compromise"";otx:tag=""crazy"";otx:tag=""crazy ransomware"";otx:tag=""simplehelp"";whoisxml:enriched",2026-07-13 19:09,2026-07-13 19:14
otx-69b18928a9cb5b794dd0e2cb-4261001689,domain,denika.se,phishing,high,Threat Intel Hub,block_and_report,True,"source:otx;tlp:white;otx:tag=""rust backdoor"";otx:tag=""iran conflict"";otx:tag=""cobalt strike"";otx:tag=""phishing"";otx:tag=""cyber espionage"";otx:tag=""state-sponsored actors"";otx:tag=""government targets"";whoisxml:enriched",2026-07-13 19:09,2026-07-13 19:14
otx-69b18928a9cb5b794dd0e2cb-4261001688,domain,mofa.gov.iq,phishing,high,Threat Intel Hub,block_and_report,True,"source:otx;tlp:white;otx:tag=""rust backdoor"";otx:tag=""iran conflict"";otx:tag=""cobalt strike"";otx:tag=""phishing"";otx:tag=""cyber espionage"";otx:tag=""state-sponsored actors"";otx:tag=""government targets"";whoisxml:enriched",2026-07-13 19:09,2026-07-13 19:14
otx-69b18928a9cb5b794dd0e2cb-4261001687,domain,med.gov.sy,phishing,high,Threat Intel Hub,block_and_report,True,"source:otx;tlp:white;otx:tag=""rust backdoor"";otx:tag=""iran conflict"";otx:tag=""cobalt strike"";otx:tag=""phishing"";otx:tag=""cyber espionage"";otx:tag=""state-sponsored actors"";otx:tag=""government targets"";whoisxml:enriched",2026-07-13 19:09,2026-07-13 19:14
otx-69b18928a9cb5b794dd0e2cb-4260994277,domain,war.analyse.ltd,phishing,high,Threat Intel Hub,block_and_report,True,"source:otx;tlp:white;otx:tag=""rust backdoor"";otx:tag=""iran conflict"";otx:tag=""cobalt strike"";otx:tag=""phishing"";otx:tag=""cyber espionage"";otx:tag=""state-sponsored actors"";otx:tag=""government targets"";whoisxml:enriched",2026-07-13 19:09,2026-07-13 19:14
otx-69b18928a9cb5b794dd0e2cb-4260994276,domain,support.almersalstore.com,phishing,high,Threat Intel Hub,block_and_report,True,"source:otx;tlp:white;otx:tag=""rust backdoor"";otx:tag=""iran conflict"";otx:tag=""cobalt strike"";otx:tag=""phishing"";otx:tag=""cyber espionage"";otx:tag=""state-sponsored actors"";otx:tag=""government targets"";whoisxml:enriched;whoisxml:threat=""malware""",2026-07-13 19:09,2026-07-13 19:14
otx-69b18928a9cb5b794dd0e2cb-4260994275,domain,mail.iwsmailserver.com,phishing,high,Threat Intel Hub,block_and_report,True,"source:otx;tlp:white;otx:tag=""rust backdoor"";otx:tag=""iran conflict"";otx:tag=""cobalt strike"";otx:tag=""phishing"";otx:tag=""cyber espionage"";otx:tag=""state-sponsored actors"";otx:tag=""government targets"";whoisxml:enriched",2026-07-13 19:09,2026-07-13 19:14
otx-69b18928a9cb5b794dd0e2cb-4260994274,domain,iran.dashboard.1drvms.store,phishing,high,Threat Intel Hub,block_and_report,True,"source:otx;tlp:white;otx:tag=""rust backdoor"";otx:tag=""iran conflict"";otx:tag=""cobalt strike"";otx:tag=""phishing"";otx:tag=""cyber espionage"";otx:tag=""state-sponsored actors"";otx:tag=""government targets"";whoisxml:enriched",2026-07-13 19:09,2026-07-13 19:14
otx-69b18928a9cb5b794dd0e2cb-4260994273,domain,deepdive.hypernas.com,phishing,high,Threat Intel Hub,block_and_report,True,"source:otx;tlp:white;otx:tag=""rust backdoor"";otx:tag=""iran conflict"";otx:tag=""cobalt strike"";otx:tag=""phishing"";otx:tag=""cyber espionage"";otx:tag=""state-sponsored actors"";otx:tag=""government targets"";whoisxml:enriched",2026-07-13 19:09,2026-07-13 19:14
otx-69b18928a9cb5b794dd0e2cb-4260994268,domain,transfergocompany.com,phishing,high,Threat Intel Hub,block_and_report,True,"source:otx;tlp:white;otx:tag=""rust backdoor"";otx:tag=""iran conflict"";otx:tag=""cobalt strike"";otx:tag=""phishing"";otx:tag=""cyber espionage"";otx:tag=""state-sponsored actors"";otx:tag=""government targets"";whoisxml:enriched",2026-07-13 19:09,2026-07-13 19:14
otx-69b18928a9cb5b794dd0e2cb-4260994267,domain,iwsmailserver.com,phishing,high,Threat Intel Hub,block_and_report,True,"source:otx;tlp:white;otx:tag=""rust backdoor"";otx:tag=""iran conflict"";otx:tag=""cobalt strike"";otx:tag=""phishing"";otx:tag=""cyber espionage"";otx:tag=""state-sponsored actors"";otx:tag=""government targets"";whoisxml:enriched",2026-07-13 19:09,2026-07-13 19:14
otx-69b18928a9cb5b794dd0e2cb-4260994266,domain,1drvms.store,phishing,high,Threat Intel Hub,block_and_report,True,"source:otx;tlp:white;otx:tag=""rust backdoor"";otx:tag=""iran conflict"";otx:tag=""cobalt strike"";otx:tag=""phishing"";otx:tag=""cyber espionage"";otx:tag=""state-sponsored actors"";otx:tag=""government targets"";whoisxml:enriched",2026-07-13 19:09,2026-07-13 19:14
otx-69b18928a9cb5b794dd0e2cb-4260994265,url,https://unityprogressall.org/imagecontent/getimgcontent.php?id=,phishing,high,Threat Intel Hub,block_and_report,True,"source:otx;tlp:white;otx:tag=""rust backdoor"";otx:tag=""iran conflict"";otx:tag=""cobalt strike"";otx:tag=""phishing"";otx:tag=""cyber espionage"";otx:tag=""state-sponsored actors"";otx:tag=""government targets"";whoisxml:enriched",2026-07-13 19:09,2026-07-13 19:14
otx-69b18928a9cb5b794dd0e2cb-4260994264,url,https://mail.iwsmailserver.com/owa/auth/logon.aspx?uid=,phishing,high,Threat Intel Hub,block_and_report,True,"source:otx;tlp:white;otx:tag=""rust backdoor"";otx:tag=""iran conflict"";otx:tag=""cobalt strike"";otx:tag=""phishing"";otx:tag=""cyber espionage"";otx:tag=""state-sponsored actors"";otx:tag=""government targets"";whoisxml:enriched",2026-07-13 19:09,2026-07-13 19:14
otx-69b18928a9cb5b794dd0e2cb-4260994263,url,https://iran.dashboard.1drvms.store/errors/sessionerrors/expire?client=[redacted],phishing,high,Threat Intel Hub,block_and_report,True,"source:otx;tlp:white;otx:tag=""rust backdoor"";otx:tag=""iran conflict"";otx:tag=""cobalt strike"";otx:tag=""phishing"";otx:tag=""cyber espionage"";otx:tag=""state-sponsored actors"";otx:tag=""government targets"";whoisxml:enriched",2026-07-13 19:09,2026-07-13 19:14
otx-69b18928a9cb5b794dd0e2cb-4260994262,url,https://iran.dashboard.1drvms.store/errors/sessionerrors/expire?client=,phishing,high,Threat Intel Hub,block_and_report,True,"source:otx;tlp:white;otx:tag=""rust backdoor"";otx:tag=""iran conflict"";otx:tag=""cobalt strike"";otx:tag=""phishing"";otx:tag=""cyber espionage"";otx:tag=""state-sponsored actors"";otx:tag=""government targets"";whoisxml:enriched",2026-07-13 19:09,2026-07-13 19:14
otx-69b18928a9cb5b794dd0e2cb-4260994261,url,https://defenceprodindia.site/server.php?file=Reader_en_install,phishing,high,Threat Intel Hub,block_and_report,True,"source:otx;tlp:white;otx:tag=""rust backdoor"";otx:tag=""iran conflict"";otx:tag=""cobalt strike"";otx:tag=""phishing"";otx:tag=""cyber espionage"";otx:tag=""state-sponsored actors"";otx:tag=""government targets"";whoisxml:enriched",2026-07-13 19:09,2026-07-13 19:14
otx-69b18928a9cb5b794dd0e2cb-4260994260,url,https://deepdive.hypernas.com/hypernas/api/page.php?uid=,phishing,high,Threat Intel Hub,block_and_report,True,"source:otx;tlp:white;otx:tag=""rust backdoor"";otx:tag=""iran conflict"";otx:tag=""cobalt strike"";otx:tag=""phishing"";otx:tag=""cyber espionage"";otx:tag=""state-sponsored actors"";otx:tag=""government targets"";whoisxml:enriched",2026-07-13 19:09,2026-07-13 19:14
otx-69b18928a9cb5b794dd0e2cb-4260882329,domain,almersalstore.com,phishing,high,Threat Intel Hub,block_and_report,True,"source:otx;tlp:white;otx:tag=""rust backdoor"";otx:tag=""iran conflict"";otx:tag=""cobalt strike"";otx:tag=""phishing"";otx:tag=""cyber espionage"";otx:tag=""state-sponsored actors"";otx:tag=""government targets"";whoisxml:enriched;whoisxml:threat=""malware""",2026-07-13 19:09,2026-07-13 19:14
otx-69b18928a9cb5b794dd0e2cb-4224453072,domain,unityprogressall.org,phishing,high,Threat Intel Hub,block_and_report,True,"source:otx;tlp:white;otx:tag=""rust backdoor"";otx:tag=""iran conflict"";otx:tag=""cobalt strike"";otx:tag=""phishing"";otx:tag=""cyber espionage"";otx:tag=""state-sponsored actors"";otx:tag=""government targets"";whoisxml:enriched",2026-07-13 19:09,2026-07-13 19:14
otx-69b18928a9cb5b794dd0e2cb-4173668260,domain,defenceprodindia.site,phishing,high,Threat Intel Hub,block_and_report,True,"source:otx;tlp:white;otx:tag=""rust backdoor"";otx:tag=""iran conflict"";otx:tag=""cobalt strike"";otx:tag=""phishing"";otx:tag=""cyber espionage"";otx:tag=""state-sponsored actors"";otx:tag=""government targets"";whoisxml:enriched",2026-07-13 19:09,2026-07-13 19:14
otx-69b18928a9cb5b794dd0e2cb-3779485701,domain,elcat.kg,phishing,high,Threat Intel Hub,block_and_report,True,"source:otx;tlp:white;otx:tag=""rust backdoor"";otx:tag=""iran conflict"";otx:tag=""cobalt strike"";otx:tag=""phishing"";otx:tag=""cyber espionage"";otx:tag=""state-sponsored actors"";otx:tag=""government targets"";whoisxml:enriched",2026-07-13 19:09,2026-07-13 19:14
otx-69b91a3de2106fb26b3bff52-4268244675,url,http://telegram.me/pr55ii,network_activity,high,Threat Intel Hub,block_and_report,True,"source:otx;tlp:white;otx:tag=""vidar"";otx:tag=""fake captcha"";otx:tag=""wordpress"";otx:tag=""golang loader"";otx:tag=""infostealer"";otx:tag=""windows"";otx:tag=""msi installer"";otx:tag=""hta script"";whoisxml:enriched",2026-07-13 19:09,2026-07-13 19:14
otx-69b91a3de2106fb26b3bff52-4268244674,url,http://steamcommunity.com/profiles/76561198742377525,network_activity,high,Threat Intel Hub,block_and_report,True,"source:otx;tlp:white;otx:tag=""vidar"";otx:tag=""fake captcha"";otx:tag=""wordpress"";otx:tag=""golang loader"";otx:tag=""infostealer"";otx:tag=""windows"";otx:tag=""msi installer"";otx:tag=""hta script"";whoisxml:enriched",2026-07-13 19:09,2026-07-13 19:14
otx-69b91a3de2106fb26b3bff52-4268244673,url,http://steamcommunity.com/profiles/76561198735736086,network_activity,high,Threat Intel Hub,block_and_report,True,"source:otx;tlp:white;otx:tag=""vidar"";otx:tag=""fake captcha"";otx:tag=""wordpress"";otx:tag=""golang loader"";otx:tag=""infostealer"";otx:tag=""windows"";otx:tag=""msi installer"";otx:tag=""hta script"";whoisxml:enriched",2026-07-13 19:09,2026-07-13 19:14
otx-69b91a3de2106fb26b3bff52-4268244634,domain,woopresscdn.com,network_activity,high,Threat Intel Hub,block_and_report,True,"source:otx;tlp:white;otx:tag=""vidar"";otx:tag=""fake captcha"";otx:tag=""wordpress"";otx:tag=""golang loader"";otx:tag=""infostealer"";otx:tag=""windows"";otx:tag=""msi installer"";otx:tag=""hta script"";whoisxml:enriched",2026-07-13 19:09,2026-07-13 19:14
otx-69b91a3de2106fb26b3bff52-4241131118,domain,cdnwoopress.com,network_activity,high,Threat Intel Hub,block_and_report,True,"source:otx;tlp:white;otx:tag=""vidar"";otx:tag=""fake captcha"";otx:tag=""wordpress"";otx:tag=""golang loader"";otx:tag=""infostealer"";otx:tag=""windows"";otx:tag=""msi installer"";otx:tag=""hta script"";whoisxml:enriched",2026-07-13 19:09,2026-07-13 19:14
otx-69b91a3de2106fb26b3bff52-4227974702,domain,walwood.be,network_activity,high,Threat Intel Hub,block_and_report,True,"source:otx;tlp:white;otx:tag=""vidar"";otx:tag=""fake captcha"";otx:tag=""wordpress"";otx:tag=""golang loader"";otx:tag=""infostealer"";otx:tag=""windows"";otx:tag=""msi installer"";otx:tag=""hta script"";whoisxml:enriched",2026-07-13 19:09,2026-07-13 19:14
otx-69b91a3de2106fb26b3bff52-4201107588,url,http://telegram.me/dikkh0k,network_activity,high,Threat Intel Hub,block_and_report,True,"source:otx;tlp:white;otx:tag=""vidar"";otx:tag=""fake captcha"";otx:tag=""wordpress"";otx:tag=""golang loader"";otx:tag=""infostealer"";otx:tag=""windows"";otx:tag=""msi installer"";otx:tag=""hta script"";whoisxml:enriched",2026-07-13 19:09,2026-07-13 19:14
otx-69b933387cae1fdd763ccb36-4268261432,domain,playtogga.com,c2,high,Threat Intel Hub,block_and_report,True,"source:otx;tlp:white;otx:tag=""hijackloader"";otx:tag=""data-theft"";otx:tag=""gaming-malware"";otx:tag=""acrstealer"";otx:tag=""evasion"";otx:tag=""browser-exploitation"";otx:tag=""c2-communication"";otx:tag=""maas"";otx:tag=""lummastealer"";otx:tag=""syscalls"";whoisxml:enriched",2026-07-13 19:09,2026-07-13 19:14
otx-69b933387cae1fdd763ccb36-4268261431,url,https://pivigames.blog/adbuho,c2,high,Threat Intel Hub,block_and_report,True,"source:otx;tlp:white;otx:tag=""hijackloader"";otx:tag=""data-theft"";otx:tag=""gaming-malware"";otx:tag=""acrstealer"";otx:tag=""evasion"";otx:tag=""browser-exploitation"";otx:tag=""c2-communication"";otx:tag=""maas"";otx:tag=""lummastealer"";otx:tag=""syscalls"";whoisxml:enriched",2026-07-13 19:09,2026-07-13 19:14
otx-6996efa6c7a901cbcb67660e-4218417420,domain,adobe.caladzy.com,c2,high,Threat Intel Hub,block_and_report,True,"source:otx;tlp:white;otx:tag=""rmm abuse"";otx:tag=""cybercrime"";otx:tag=""email campaigns"";otx:tag=""trustconnect"";otx:tag=""c2 infrastructure"";otx:tag=""trustconnect rat"";otx:tag=""digital signatures"";otx:tag=""docconnect"";otx:tag=""malware-as-a-service"";otx:tag=""remote access trojan"";whoisxml:enriched",2026-07-13 19:09,2026-07-13 19:14
otx-6996efa6c7a901cbcb67660e-4218417419,domain,vurul.click,c2,high,Threat Intel Hub,block_and_report,True,"source:otx;tlp:white;otx:tag=""rmm abuse"";otx:tag=""cybercrime"";otx:tag=""email campaigns"";otx:tag=""trustconnect"";otx:tag=""c2 infrastructure"";otx:tag=""trustconnect rat"";otx:tag=""digital signatures"";otx:tag=""docconnect"";otx:tag=""malware-as-a-service"";otx:tag=""remote access trojan"";whoisxml:enriched",2026-07-13 19:09,2026-07-13 19:14
otx-6996efa6c7a901cbcb67660e-4218417418,domain,stewise.top,c2,high,Threat Intel Hub,block_and_report,True,"source:otx;tlp:white;otx:tag=""rmm abuse"";otx:tag=""cybercrime"";otx:tag=""email campaigns"";otx:tag=""trustconnect"";otx:tag=""c2 infrastructure"";otx:tag=""trustconnect rat"";otx:tag=""digital signatures"";otx:tag=""docconnect"";otx:tag=""malware-as-a-service"";otx:tag=""remote access trojan"";whoisxml:enriched",2026-07-13 19:09,2026-07-13 19:14
otx-6996efa6c7a901cbcb67660e-4218417417,domain,statementstview.online,c2,high,Threat Intel Hub,block_and_report,True,"source:otx;tlp:white;otx:tag=""rmm abuse"";otx:tag=""cybercrime"";otx:tag=""email campaigns"";otx:tag=""trustconnect"";otx:tag=""c2 infrastructure"";otx:tag=""trustconnect rat"";otx:tag=""digital signatures"";otx:tag=""docconnect"";otx:tag=""malware-as-a-service"";otx:tag=""remote access trojan"";whoisxml:enriched",2026-07-13 19:09,2026-07-13 19:14
otx-6996efa6c7a901cbcb67660e-4218417416,domain,smallmartdirectintense.com,c2,high,Threat Intel Hub,block_and_report,True,"source:otx;tlp:white;otx:tag=""rmm abuse"";otx:tag=""cybercrime"";otx:tag=""email campaigns"";otx:tag=""trustconnect"";otx:tag=""c2 infrastructure"";otx:tag=""trustconnect rat"";otx:tag=""digital signatures"";otx:tag=""docconnect"";otx:tag=""malware-as-a-service"";otx:tag=""remote access trojan"";whoisxml:enriched",2026-07-13 19:09,2026-07-13 19:14
otx-6996efa6c7a901cbcb67660e-4218417415,domain,memphiswawu.com,c2,high,Threat Intel Hub,block_and_report,True,"source:otx;tlp:white;otx:tag=""rmm abuse"";otx:tag=""cybercrime"";otx:tag=""email campaigns"";otx:tag=""trustconnect"";otx:tag=""c2 infrastructure"";otx:tag=""trustconnect rat"";otx:tag=""digital signatures"";otx:tag=""docconnect"";otx:tag=""malware-as-a-service"";otx:tag=""remote access trojan"";whoisxml:enriched",2026-07-13 19:09,2026-07-13 19:14
otx-6996efa6c7a901cbcb67660e-4218417414,domain,elev8souvenirs.com,c2,high,Threat Intel Hub,block_and_report,True,"source:otx;tlp:white;otx:tag=""rmm abuse"";otx:tag=""cybercrime"";otx:tag=""email campaigns"";otx:tag=""trustconnect"";otx:tag=""c2 infrastructure"";otx:tag=""trustconnect rat"";otx:tag=""digital signatures"";otx:tag=""docconnect"";otx:tag=""malware-as-a-service"";otx:tag=""remote access trojan"";whoisxml:enriched",2026-07-13 19:09,2026-07-13 19:14
otx-6996efa6c7a901cbcb67660e-4218417413,domain,ametax.net,c2,high,Threat Intel Hub,block_and_report,True,"source:otx;tlp:white;otx:tag=""rmm abuse"";otx:tag=""cybercrime"";otx:tag=""email campaigns"";otx:tag=""trustconnect"";otx:tag=""c2 infrastructure"";otx:tag=""trustconnect rat"";otx:tag=""digital signatures"";otx:tag=""docconnect"";otx:tag=""malware-as-a-service"";otx:tag=""remote access trojan"";whoisxml:enriched",2026-07-13 19:09,2026-07-13 19:14
otx-6996efa6c7a901cbcb67660e-4218417412,domain,aerobickarlaurbanovas.top,c2,high,Threat Intel Hub,block_and_report,True,"source:otx;tlp:white;otx:tag=""rmm abuse"";otx:tag=""cybercrime"";otx:tag=""email campaigns"";otx:tag=""trustconnect"";otx:tag=""c2 infrastructure"";otx:tag=""trustconnect rat"";otx:tag=""digital signatures"";otx:tag=""docconnect"";otx:tag=""malware-as-a-service"";otx:tag=""remote access trojan"";whoisxml:enriched",2026-07-13 19:09,2026-07-13 19:14
otx-6996efa6c7a901cbcb67660e-4218417410,url,http://stewise.top/Bin/ScreenConnect.ClientSetup.msi?e=Access&y=Guest,c2,high,Threat Intel Hub,block_and_report,True,"source:otx;tlp:white;otx:tag=""rmm abuse"";otx:tag=""cybercrime"";otx:tag=""email campaigns"";otx:tag=""trustconnect"";otx:tag=""c2 infrastructure"";otx:tag=""trustconnect rat"";otx:tag=""digital signatures"";otx:tag=""docconnect"";otx:tag=""malware-as-a-service"";otx:tag=""remote access trojan"";whoisxml:enriched",2026-07-13 19:09,2026-07-13 19:14
otx-6996efa6c7a901cbcb67660e-4218417409,url,http://smallmartdirectintense.com/Bin/ScreenConnect.ClientSetup.msi?e=Access&y=Guest=,c2,high,Threat Intel Hub,block_and_report,True,"source:otx;tlp:white;otx:tag=""rmm abuse"";otx:tag=""cybercrime"";otx:tag=""email campaigns"";otx:tag=""trustconnect"";otx:tag=""c2 infrastructure"";otx:tag=""trustconnect rat"";otx:tag=""digital signatures"";otx:tag=""docconnect"";otx:tag=""malware-as-a-service"";otx:tag=""remote access trojan"";whoisxml:enriched",2026-07-13 19:09,2026-07-13 19:14
otx-6996efa6c7a901cbcb67660e-4218417408,url,http://memphiswawu.com/Bin/ScreenConnect.ClientSetup.msi?e=Access&y=Guest,c2,high,Threat Intel Hub,block_and_report,True,"source:otx;tlp:white;otx:tag=""rmm abuse"";otx:tag=""cybercrime"";otx:tag=""email campaigns"";otx:tag=""trustconnect"";otx:tag=""c2 infrastructure"";otx:tag=""trustconnect rat"";otx:tag=""digital signatures"";otx:tag=""docconnect"";otx:tag=""malware-as-a-service"";otx:tag=""remote access trojan"";whoisxml:enriched",2026-07-13 19:09,2026-07-13 19:14
otx-6996efa6c7a901cbcb67660e-4218417407,url,http://aerobickarlaurbanovas.top/Bin/ScreenConnect.ClientSetup.msi?e=Access&y=Guest=,c2,high,Threat Intel Hub,block_and_report,True,"source:otx;tlp:white;otx:tag=""rmm abuse"";otx:tag=""cybercrime"";otx:tag=""email campaigns"";otx:tag=""trustconnect"";otx:tag=""c2 infrastructure"";otx:tag=""trustconnect rat"";otx:tag=""digital signatures"";otx:tag=""docconnect"";otx:tag=""malware-as-a-service"";otx:tag=""remote access trojan"";whoisxml:enriched",2026-07-13 19:09,2026-07-13 19:14
otx-6996efa6c7a901cbcb67660e-4218417406,url,http://192.227.211.41:8040/Bin/ScreenConnect.ClientSetup.msi?e=Access&y=Guest,c2,high,Threat Intel Hub,block_and_report,True,"source:otx;tlp:white;otx:tag=""rmm abuse"";otx:tag=""cybercrime"";otx:tag=""email campaigns"";otx:tag=""trustconnect"";otx:tag=""c2 infrastructure"";otx:tag=""trustconnect rat"";otx:tag=""digital signatures"";otx:tag=""docconnect"";otx:tag=""malware-as-a-service"";otx:tag=""remote access trojan"";whoisxml:enriched",2026-07-13 19:09,2026-07-13 19:14
otx-6996efa6c7a901cbcb67660e-4218417405,url,http://192.159.99.83/Bin/ScreenConnect.ClientSetup.msi?e=Access&y=Guest,c2,high,Threat Intel Hub,block_and_report,True,"source:otx;tlp:white;otx:tag=""rmm abuse"";otx:tag=""cybercrime"";otx:tag=""email campaigns"";otx:tag=""trustconnect"";otx:tag=""c2 infrastructure"";otx:tag=""trustconnect rat"";otx:tag=""digital signatures"";otx:tag=""docconnect"";otx:tag=""malware-as-a-service"";otx:tag=""remote access trojan"";whoisxml:enriched",2026-07-13 19:09,2026-07-13 19:14
otx-6996efa6c7a901cbcb67660e-4214848007,domain,networkservice.cyou,c2,high,Threat Intel Hub,block_and_report,True,"source:otx;tlp:white;otx:tag=""rmm abuse"";otx:tag=""cybercrime"";otx:tag=""email campaigns"";otx:tag=""trustconnect"";otx:tag=""c2 infrastructure"";otx:tag=""trustconnect rat"";otx:tag=""digital signatures"";otx:tag=""docconnect"";otx:tag=""malware-as-a-service"";otx:tag=""remote access trojan"";whoisxml:enriched",2026-07-13 19:09,2026-07-13 19:14
otx-69972ba4edeee60b22933086-4218420736,url,https://gasrobariokley.com/work/?counter=0&type=1&guid=3B7FFFF7F331576B6FA3479BDF43&os=6&arch=1&username=JohnDoe&group=2201209746&ver=2.3&up=7&direction=gasrobariokley.com,c2,high,Threat Intel Hub,block_and_report,True,"source:otx;tlp:white;otx:tag=""fake captcha"";otx:tag=""latrodectus"";otx:tag=""c2 communication"";otx:tag=""side-loading"";otx:tag=""clickfix"";otx:tag=""malware analysis"";otx:tag=""supper"";otx:tag=""ransomware"";otx:tag=""persistence"";whoisxml:enriched",2026-07-13 19:09,2026-07-13 19:14
otx-69972ba4edeee60b22933086-4218420735,url,https://gasrobariokley.com/work/,c2,high,Threat Intel Hub,block_and_report,True,"source:otx;tlp:white;otx:tag=""fake captcha"";otx:tag=""latrodectus"";otx:tag=""c2 communication"";otx:tag=""side-loading"";otx:tag=""clickfix"";otx:tag=""malware analysis"";otx:tag=""supper"";otx:tag=""ransomware"";otx:tag=""persistence"";whoisxml:enriched",2026-07-13 19:09,2026-07-13 19:14
otx-69972ba4edeee60b22933086-4218420734,url,https://fadoklismokley.com/work/?counter=0&type=1&guid=3B7FFFF7F331576B6FA3479BDF43&os=6&arch=1&username=JohnDoe&group=2201209746&ver=2.3&up=7&direction=fadoklismokley.com,c2,high,Threat Intel Hub,block_and_report,True,"source:otx;tlp:white;otx:tag=""fake captcha"";otx:tag=""latrodectus"";otx:tag=""c2 communication"";otx:tag=""side-loading"";otx:tag=""clickfix"";otx:tag=""malware analysis"";otx:tag=""supper"";otx:tag=""ransomware"";otx:tag=""persistence"";whoisxml:enriched",2026-07-13 19:09,2026-07-13 19:14
otx-69972ba4edeee60b22933086-4218420733,url,https://fadoklismokley.com/work/,c2,high,Threat Intel Hub,block_and_report,True,"source:otx;tlp:white;otx:tag=""fake captcha"";otx:tag=""latrodectus"";otx:tag=""c2 communication"";otx:tag=""side-loading"";otx:tag=""clickfix"";otx:tag=""malware analysis"";otx:tag=""supper"";otx:tag=""ransomware"";otx:tag=""persistence"";whoisxml:enriched",2026-07-13 19:09,2026-07-13 19:14
otx-69972ba4edeee60b22933086-4218420732,url,http://naintn.com/amazoncdn.com/oeiich37874cj30dkk43885j10vj38h38jd/nrs/opn/ca/,c2,high,Threat Intel Hub,block_and_report,True,"source:otx;tlp:white;otx:tag=""fake captcha"";otx:tag=""latrodectus"";otx:tag=""c2 communication"";otx:tag=""side-loading"";otx:tag=""clickfix"";otx:tag=""malware analysis"";otx:tag=""supper"";otx:tag=""ransomware"";otx:tag=""persistence""",2026-07-13 19:09,2026-07-13 19:14
otx-69972ba4edeee60b22933086-4218420731,url,http://jzluw.com/cdn-dynmedia-1.microsoft.com/is/n03ufh3k003jdhkg99fhhas/is/content/,c2,high,Threat Intel Hub,block_and_report,True,"source:otx;tlp:white;otx:tag=""fake captcha"";otx:tag=""latrodectus"";otx:tag=""c2 communication"";otx:tag=""side-loading"";otx:tag=""clickfix"";otx:tag=""malware analysis"";otx:tag=""supper"";otx:tag=""ransomware"";otx:tag=""persistence""",2026-07-13 19:09,2026-07-13 19:14
otx-69972ba4edeee60b22933086-4135327450,domain,jzluw.com,c2,high,Threat Intel Hub,block_and_report,True,"source:otx;tlp:white;otx:tag=""fake captcha"";otx:tag=""latrodectus"";otx:tag=""c2 communication"";otx:tag=""side-loading"";otx:tag=""clickfix"";otx:tag=""malware analysis"";otx:tag=""supper"";otx:tag=""ransomware"";otx:tag=""persistence""",2026-07-13 19:09,2026-07-13 19:14
otx-69972ba4edeee60b22933086-4127041085,domain,fadoklismokley.com,c2,high,Threat Intel Hub,block_and_report,True,"source:otx;tlp:white;otx:tag=""fake captcha"";otx:tag=""latrodectus"";otx:tag=""c2 communication"";otx:tag=""side-loading"";otx:tag=""clickfix"";otx:tag=""malware analysis"";otx:tag=""supper"";otx:tag=""ransomware"";otx:tag=""persistence""",2026-07-13 19:09,2026-07-13 19:14
otx-69972ba4edeee60b22933086-4127036023,domain,naintn.com,c2,high,Threat Intel Hub,block_and_report,True,"source:otx;tlp:white;otx:tag=""fake captcha"";otx:tag=""latrodectus"";otx:tag=""c2 communication"";otx:tag=""side-loading"";otx:tag=""clickfix"";otx:tag=""malware analysis"";otx:tag=""supper"";otx:tag=""ransomware"";otx:tag=""persistence""",2026-07-13 19:09,2026-07-13 19:14
otx-69972ba4edeee60b22933086-4127036022,domain,gasrobariokley.com,c2,high,Threat Intel Hub,block_and_report,True,"source:otx;tlp:white;otx:tag=""fake captcha"";otx:tag=""latrodectus"";otx:tag=""c2 communication"";otx:tag=""side-loading"";otx:tag=""clickfix"";otx:tag=""malware analysis"";otx:tag=""supper"";otx:tag=""ransomware"";otx:tag=""persistence""",2026-07-13 19:09,2026-07-13 19:14
otx-699a6ee1425f8f4a6e583f31-4224091034,domain,twmoi2002.tos-cn-shanghai.volces.com,phishing,high,Threat Intel Hub,block_and_report,True,"source:otx;tlp:white;otx:tag=""dll sideloading"";otx:tag=""valleyrat"";otx:tag=""byovd"";otx:tag=""taiwan"";otx:tag=""apt"";otx:tag=""uac bypass"";otx:tag=""winos 4.0"";otx:tag=""phishing""",2026-07-13 19:09,2026-07-13 19:14
otx-699a6ee1425f8f4a6e583f31-4224091033,domain,sdfw2026024.tos-cn-shanghai.volces.com,phishing,high,Threat Intel Hub,block_and_report,True,"source:otx;tlp:white;otx:tag=""dll sideloading"";otx:tag=""valleyrat"";otx:tag=""byovd"";otx:tag=""taiwan"";otx:tag=""apt"";otx:tag=""uac bypass"";otx:tag=""winos 4.0"";otx:tag=""phishing""",2026-07-13 19:09,2026-07-13 19:14
otx-699a6ee1425f8f4a6e583f31-4224091031,domain,zbyq.cn,phishing,high,Threat Intel Hub,block_and_report,True,"source:otx;tlp:white;otx:tag=""dll sideloading"";otx:tag=""valleyrat"";otx:tag=""byovd"";otx:tag=""taiwan"";otx:tag=""apt"";otx:tag=""uac bypass"";otx:tag=""winos 4.0"";otx:tag=""phishing""",2026-07-13 19:09,2026-07-13 19:14
otx-699a6ee1425f8f4a6e583f31-4224091030,domain,twtaxgo.cn,phishing,high,Threat Intel Hub,block_and_report,True,"source:otx;tlp:white;otx:tag=""dll sideloading"";otx:tag=""valleyrat"";otx:tag=""byovd"";otx:tag=""taiwan"";otx:tag=""apt"";otx:tag=""uac bypass"";otx:tag=""winos 4.0"";otx:tag=""phishing""",2026-07-13 19:09,2026-07-13 19:14
otx-699a6ee1425f8f4a6e583f31-4224091029,domain,twswsb.cn,phishing,high,Threat Intel Hub,block_and_report,True,"source:otx;tlp:white;otx:tag=""dll sideloading"";otx:tag=""valleyrat"";otx:tag=""byovd"";otx:tag=""taiwan"";otx:tag=""apt"";otx:tag=""uac bypass"";otx:tag=""winos 4.0"";otx:tag=""phishing""",2026-07-13 19:09,2026-07-13 19:14
otx-699a6ee1425f8f4a6e583f31-4224091028,domain,tkooyvff.cn,phishing,high,Threat Intel Hub,block_and_report,True,"source:otx;tlp:white;otx:tag=""dll sideloading"";otx:tag=""valleyrat"";otx:tag=""byovd"";otx:tag=""taiwan"";otx:tag=""apt"";otx:tag=""uac bypass"";otx:tag=""winos 4.0"";otx:tag=""phishing""",2026-07-13 19:09,2026-07-13 19:14
otx-699a6ee1425f8f4a6e583f31-4224091027,domain,taxpro.tw,phishing,high,Threat Intel Hub,block_and_report,True,"source:otx;tlp:white;otx:tag=""dll sideloading"";otx:tag=""valleyrat"";otx:tag=""byovd"";otx:tag=""taiwan"";otx:tag=""apt"";otx:tag=""uac bypass"";otx:tag=""winos 4.0"";otx:tag=""phishing""",2026-07-13 19:09,2026-07-13 19:14
otx-699a6ee1425f8f4a6e583f31-4224091026,domain,taxhub.tw,phishing,high,Threat Intel Hub,block_and_report,True,"source:otx;tlp:white;otx:tag=""dll sideloading"";otx:tag=""valleyrat"";otx:tag=""byovd"";otx:tag=""taiwan"";otx:tag=""apt"";otx:tag=""uac bypass"";otx:tag=""winos 4.0"";otx:tag=""phishing""",2026-07-13 19:09,2026-07-13 19:14
otx-699a6ee1425f8f4a6e583f31-4224091025,domain,taxfnat.tw,phishing,high,Threat Intel Hub,block_and_report,True,"source:otx;tlp:white;otx:tag=""dll sideloading"";otx:tag=""valleyrat"";otx:tag=""byovd"";otx:tag=""taiwan"";otx:tag=""apt"";otx:tag=""uac bypass"";otx:tag=""winos 4.0"";otx:tag=""phishing""",2026-07-13 19:09,2026-07-13 19:14
otx-699a6ee1425f8f4a6e583f31-4224091024,domain,taukeny.com,phishing,high,Threat Intel Hub,block_and_report,True,"source:otx;tlp:white;otx:tag=""dll sideloading"";otx:tag=""valleyrat"";otx:tag=""byovd"";otx:tag=""taiwan"";otx:tag=""apt"";otx:tag=""uac bypass"";otx:tag=""winos 4.0"";otx:tag=""phishing""",2026-07-13 19:09,2026-07-13 19:14
otx-699a6ee1425f8f4a6e583f31-4224091023,domain,njhwuyklw.com,phishing,high,Threat Intel Hub,block_and_report,True,"source:otx;tlp:white;otx:tag=""dll sideloading"";otx:tag=""valleyrat"";otx:tag=""byovd"";otx:tag=""taiwan"";otx:tag=""apt"";otx:tag=""uac bypass"";otx:tag=""winos 4.0"";otx:tag=""phishing""",2026-07-13 19:09,2026-07-13 19:14
otx-699a6ee1425f8f4a6e583f31-4224091022,domain,lmaxjuyh.cn,phishing,high,Threat Intel Hub,block_and_report,True,"source:otx;tlp:white;otx:tag=""dll sideloading"";otx:tag=""valleyrat"";otx:tag=""byovd"";otx:tag=""taiwan"";otx:tag=""apt"";otx:tag=""uac bypass"";otx:tag=""winos 4.0"";otx:tag=""phishing""",2026-07-13 19:09,2026-07-13 19:14
otx-699a6ee1425f8f4a6e583f31-4224091021,domain,etaxtw.cn,phishing,high,Threat Intel Hub,block_and_report,True,"source:otx;tlp:white;otx:tag=""dll sideloading"";otx:tag=""valleyrat"";otx:tag=""byovd"";otx:tag=""taiwan"";otx:tag=""apt"";otx:tag=""uac bypass"";otx:tag=""winos 4.0"";otx:tag=""phishing""",2026-07-13 19:09,2026-07-13 19:14
otx-699a6ee1425f8f4a6e583f31-4224091020,domain,bqdrzbyq.cn,phishing,high,Threat Intel Hub,block_and_report,True,"source:otx;tlp:white;otx:tag=""dll sideloading"";otx:tag=""valleyrat"";otx:tag=""byovd"";otx:tag=""taiwan"";otx:tag=""apt"";otx:tag=""uac bypass"";otx:tag=""winos 4.0"";otx:tag=""phishing""",2026-07-13 19:09,2026-07-13 19:14
otx-699a6ee1425f8f4a6e583f31-4224091019,url,https://twtaxgo.cn/uploads/20260129/taxIs_RX3001.7z.,phishing,high,Threat Intel Hub,block_and_report,True,"source:otx;tlp:white;otx:tag=""dll sideloading"";otx:tag=""valleyrat"";otx:tag=""byovd"";otx:tag=""taiwan"";otx:tag=""apt"";otx:tag=""uac bypass"";otx:tag=""winos 4.0"";otx:tag=""phishing""",2026-07-13 19:09,2026-07-13 19:14
otx-699a6ee1425f8f4a6e583f31-4224091018,url,https://twtaxgo.cn/uploads/20260129/taxIs_RX3001.7z,phishing,high,Threat Intel Hub,block_and_report,True,"source:otx;tlp:white;otx:tag=""dll sideloading"";otx:tag=""valleyrat"";otx:tag=""byovd"";otx:tag=""taiwan"";otx:tag=""apt"";otx:tag=""uac bypass"";otx:tag=""winos 4.0"";otx:tag=""phishing""",2026-07-13 19:09,2026-07-13 19:14
otx-699a6ee1425f8f4a6e583f31-4224091017,url,https://sdfw2026024.tos-cn-shanghai.volces.com/E-Invoice.rar.,phishing,high,Threat Intel Hub,block_and_report,True,"source:otx;tlp:white;otx:tag=""dll sideloading"";otx:tag=""valleyrat"";otx:tag=""byovd"";otx:tag=""taiwan"";otx:tag=""apt"";otx:tag=""uac bypass"";otx:tag=""winos 4.0"";otx:tag=""phishing""",2026-07-13 19:09,2026-07-13 19:14
otx-699a6ee1425f8f4a6e583f31-4224091016,url,https://sdfw2026024.tos-cn-shanghai.volces.com/E-Invoice.rar,phishing,high,Threat Intel Hub,block_and_report,True,"source:otx;tlp:white;otx:tag=""dll sideloading"";otx:tag=""valleyrat"";otx:tag=""byovd"";otx:tag=""taiwan"";otx:tag=""apt"";otx:tag=""uac bypass"";otx:tag=""winos 4.0"";otx:tag=""phishing""",2026-07-13 19:09,2026-07-13 19:14
otx-699a6ee1425f8f4a6e583f31-4224091015,url,https://njhwuyklw.com/,phishing,high,Threat Intel Hub,block_and_report,True,"source:otx;tlp:white;otx:tag=""dll sideloading"";otx:tag=""valleyrat"";otx:tag=""byovd"";otx:tag=""taiwan"";otx:tag=""apt"";otx:tag=""uac bypass"";otx:tag=""winos 4.0"";otx:tag=""phishing""",2026-07-13 19:09,2026-07-13 19:14
otx-699a6ee1425f8f4a6e583f31-4224091014,url,http://zbyq.cn/Set^up^64.e^x^e,phishing,high,Threat Intel Hub,block_and_report,True,"source:otx;tlp:white;otx:tag=""dll sideloading"";otx:tag=""valleyrat"";otx:tag=""byovd"";otx:tag=""taiwan"";otx:tag=""apt"";otx:tag=""uac bypass"";otx:tag=""winos 4.0"";otx:tag=""phishing""",2026-07-13 19:09,2026-07-13 19:14
otx-699a6ee1425f8f4a6e583f31-4224091013,url,http://taxfnat.tw/,phishing,high,Threat Intel Hub,block_and_report,True,"source:otx;tlp:white;otx:tag=""dll sideloading"";otx:tag=""valleyrat"";otx:tag=""byovd"";otx:tag=""taiwan"";otx:tag=""apt"";otx:tag=""uac bypass"";otx:tag=""winos 4.0"";otx:tag=""phishing""",2026-07-13 19:09,2026-07-13 19:14
otx-699a6ee1425f8f4a6e583f31-4205208350,url,https://twmoi2002.tos-cn-shanghai.volces.com/E-Invoice.rar,phishing,high,Threat Intel Hub,block_and_report,True,"source:otx;tlp:white;otx:tag=""dll sideloading"";otx:tag=""valleyrat"";otx:tag=""byovd"";otx:tag=""taiwan"";otx:tag=""apt"";otx:tag=""uac bypass"";otx:tag=""winos 4.0"";otx:tag=""phishing""",2026-07-13 19:09,2026-07-13 19:14
otx-69c26c92be4a06388a97f328-4280316055,domain,souls-entire-defined-routes.trycloudflare.com,network_activity,high,Threat Intel Hub,block_and_report,True,"source:otx;tlp:white;otx:tag=""docker api"";otx:tag=""canisterworm"";otx:tag=""kubernetes"";otx:tag=""daemonset"";otx:tag=""wiper""",2026-07-13 19:09,2026-07-13 19:14
otx-69c26c92be4a06388a97f328-4280316054,domain,investigation-launches-hearings-copying.trycloudflare.com,network_activity,high,Threat Intel Hub,block_and_report,True,"source:otx;tlp:white;otx:tag=""docker api"";otx:tag=""canisterworm"";otx:tag=""kubernetes"";otx:tag=""daemonset"";otx:tag=""wiper""",2026-07-13 19:09,2026-07-13 19:14
3cd853f692cc4aadcad7b85c51cd0b4d4f8b64bc687095dad38001a0a6694fb5,ip,117.86.105.145,botnet,medium,ThreatBook,block_and_report,True,"source:threatbook;threatbook:severity=""medium"";threatbook:judgment=""Zombie"";threatbook:judgment=""Dynamic IP"";threatbook:judgment=""Spam"";threatbook:judgment=""IoT Device""",2026-07-22 14:30,2026-07-22 14:30
9752b604e63271ce6441690b9e920da8c6707c92f061818c3f4d39f1f176740c,ip,185.91.69.38,botnet,medium,ThreatBook,block_and_report,True,"source:threatbook;threatbook:severity=""medium"";threatbook:judgment=""Zombie"";threatbook:judgment=""Spam""",2026-07-22 14:30,2026-07-22 14:30
847f9e9809970d1307b43a0a377b15e182970d29165dc5df48cebee32b329983,ip,117.86.13.143,botnet,medium,ThreatBook,block_and_report,True,"source:threatbook;threatbook:severity=""medium"";threatbook:judgment=""Zombie"";threatbook:judgment=""Gateway"";threatbook:judgment=""Spam""",2026-07-22 14:30,2026-07-22 14:30
7520d38f91ec443c839ab403660e5e88bd980a1414486a2dfe15c515fc772781,ip,35.247.29.111,botnet,medium,ThreatBook,block_and_report,True,"source:threatbook;threatbook:severity=""medium"";threatbook:judgment=""Zombie"";threatbook:judgment=""Info"";threatbook:judgment=""Spam"";threatbook:tag=""GoogleCloud""",2026-07-22 14:30,2026-07-22 14:30
otx-6a4bb565cb9499639bf4125b-4449246301,domain,hospitalinstallation.com,c2,high,Threat Intel Hub,block_and_report,True,"source:otx;tlp:white;otx:tag=""modular c2 framework"";otx:tag=""rmm abuse"";otx:tag=""sysaid"";otx:tag=""supply-chain compromise"";otx:tag=""iran"";otx:tag=""nativeaot compilation"";otx:tag=""mois"";otx:tag=""dll sideloading"";whoisxml:enriched;whoisxml:threat=""malware""",2026-07-10 11:14,2026-07-24 13:54
otx-6a4bb565cb9499639bf4125b-4449246302,domain,hygienehistory.com,c2,high,Threat Intel Hub,block_and_report,True,"source:otx;tlp:white;otx:tag=""modular c2 framework"";otx:tag=""rmm abuse"";otx:tag=""sysaid"";otx:tag=""supply-chain compromise"";otx:tag=""iran"";otx:tag=""nativeaot compilation"";otx:tag=""mois"";otx:tag=""dll sideloading"";whoisxml:enriched;whoisxml:threat=""malware""",2026-07-10 11:14,2026-07-24 13:54
otx-6a46d120d41fcc87a8a52932-4444710870,url,https://helloxcherry.com/cdn/static/c3587edc48c37656b29bcd3da9458eea/update,phishing,high,Threat Intel Hub,block_and_report,True,"source:otx;tlp:white;otx:tag=""ransomware"";otx:tag=""credential theft"";otx:tag=""lateral movement"";otx:tag=""avalon"";otx:tag=""defense evasion"";otx:tag=""phishing"";otx:tag=""crownx"";otx:tag=""ai-assisted development""",2026-07-10 11:14,2026-07-24 13:54
otx-6a28363f58453c0b99062360-4403288892,domain,security.amazonassist.xyz,phishing,high,Threat Intel Hub,block_and_report,True,"source:otx;tlp:white;otx:tag=""clickfix"";otx:tag=""fake captcha"";otx:tag=""phishing campaign"";otx:tag=""harbor sentinel""",2026-07-10 11:14,2026-07-24 13:54
otx-6a4bb565cb9499639bf4125b-4449246299,url,https://hygienehistory.com/cac.aspx,c2,high,Threat Intel Hub,block_and_report,True,"source:otx;tlp:white;otx:tag=""modular c2 framework"";otx:tag=""rmm abuse"";otx:tag=""sysaid"";otx:tag=""supply-chain compromise"";otx:tag=""iran"";otx:tag=""nativeaot compilation"";otx:tag=""mois"";otx:tag=""dll sideloading""",2026-07-10 11:14,2026-07-24 13:54
otx-6a4bb565cb9499639bf4125b-4449246303,domain,google.com.hospitalinstallation.com,c2,high,Threat Intel Hub,block_and_report,True,"source:otx;tlp:white;otx:tag=""modular c2 framework"";otx:tag=""rmm abuse"";otx:tag=""sysaid"";otx:tag=""supply-chain compromise"";otx:tag=""iran"";otx:tag=""nativeaot compilation"";otx:tag=""mois"";otx:tag=""dll sideloading""",2026-07-10 11:14,2026-07-24 13:54
otx-6a28363f58453c0b99062360-4402609020,domain,amazonalert.xyz,phishing,high,Threat Intel Hub,block_and_report,True,"source:otx;tlp:white;otx:tag=""clickfix"";otx:tag=""fake captcha"";otx:tag=""phishing campaign"";otx:tag=""harbor sentinel"";whoisxml:enriched",2026-07-10 11:14,2026-07-24 13:54
otx-6a28363f58453c0b99062360-4402609021,domain,amazonattention.com,phishing,high,Threat Intel Hub,block_and_report,True,"source:otx;tlp:white;otx:tag=""clickfix"";otx:tag=""fake captcha"";otx:tag=""phishing campaign"";otx:tag=""harbor sentinel"";whoisxml:enriched",2026-07-10 11:14,2026-07-24 13:54
otx-6a23107727fdc1e824252731-4396052438,domain,hcgos.com,network_activity,high,Threat Intel Hub,block_and_report,True,"source:otx;tlp:white;otx:tag=""gamshen"";otx:tag=""plugx"";otx:tag=""meterpreter"";otx:tag=""cobalt strike"";otx:tag=""ghostkit"";otx:tag=""efspotato"";otx:tag=""timestomping"";whoisxml:enriched",2026-07-10 11:14,2026-07-24 13:54
otx-6a46d120d41fcc87a8a52932-4444710871,domain,helloxcherry.com,phishing,high,Threat Intel Hub,block_and_report,True,"source:otx;tlp:white;otx:tag=""ransomware"";otx:tag=""credential theft"";otx:tag=""lateral movement"";otx:tag=""avalon"";otx:tag=""defense evasion"";otx:tag=""phishing"";otx:tag=""crownx"";otx:tag=""ai-assisted development"";whoisxml:enriched",2026-07-10 11:14,2026-07-24 13:54
otx-6a4bb565cb9499639bf4125b-4449246300,domain,adserviceupdate.com,c2,high,Threat Intel Hub,block_and_report,True,"source:otx;tlp:white;otx:tag=""modular c2 framework"";otx:tag=""rmm abuse"";otx:tag=""sysaid"";otx:tag=""supply-chain compromise"";otx:tag=""iran"";otx:tag=""nativeaot compilation"";otx:tag=""mois"";otx:tag=""dll sideloading"";whoisxml:enriched;whoisxml:threat=""malware""",2026-07-10 11:14,2026-07-24 13:54
otx-6a23107727fdc1e824252731-4396052439,domain,ashx.lhlsjcb.com,network_activity,high,Threat Intel Hub,block_and_report,True,"source:otx;tlp:white;otx:tag=""gamshen"";otx:tag=""plugx"";otx:tag=""meterpreter"";otx:tag=""cobalt strike"";otx:tag=""ghostkit"";otx:tag=""efspotato"";otx:tag=""timestomping""",2026-07-10 11:14,2026-07-24 13:54
otx-6a4bb565cb9499639bf4125b-4434283665,domain,auth.hospitalinstallation.com,c2,high,Threat Intel Hub,block_and_report,True,"source:otx;tlp:white;otx:tag=""modular c2 framework"";otx:tag=""rmm abuse"";otx:tag=""sysaid"";otx:tag=""supply-chain compromise"";otx:tag=""iran"";otx:tag=""nativeaot compilation"";otx:tag=""mois"";otx:tag=""dll sideloading""",2026-07-10 11:14,2026-07-24 13:54
otx-6a4bb565cb9499639bf4125b-4449246298,url,https://adserviceupdate.com/cac.aspx,c2,high,Threat Intel Hub,block_and_report,True,"source:otx;tlp:white;otx:tag=""modular c2 framework"";otx:tag=""rmm abuse"";otx:tag=""sysaid"";otx:tag=""supply-chain compromise"";otx:tag=""iran"";otx:tag=""nativeaot compilation"";otx:tag=""mois"";otx:tag=""dll sideloading""",2026-07-10 11:14,2026-07-24 13:54
otx-6a58c2ecd43c8e98d4bdd2e0-4454489264,url,https://beta.padmin.com/mybenefits/Templates/cd.zip,network_activity,high,Threat Intel Hub,block_and_report,True,"source:otx;tlp:white;otx:tag=""chisel"";otx:tag=""web shell"";otx:tag=""asp.net web shell"";otx:tag=""cloudflare tunnel"";otx:tag=""it services"";otx:tag=""credential dumping"";otx:tag=""revsocks"";otx:tag=""south asia"";otx:tag=""rust-based ransomware"";otx:tag=""spirals""",2026-07-17 10:25,2026-07-24 13:54
otx-6a58c2ecd43c8e98d4bdd2e0-4454489266,domain,beta.padmin.com,network_activity,high,Threat Intel Hub,block_and_report,True,"source:otx;tlp:white;otx:tag=""chisel"";otx:tag=""web shell"";otx:tag=""asp.net web shell"";otx:tag=""cloudflare tunnel"";otx:tag=""it services"";otx:tag=""credential dumping"";otx:tag=""revsocks"";otx:tag=""south asia"";otx:tag=""rust-based ransomware"";otx:tag=""spirals""",2026-07-17 10:25,2026-07-24 13:54
otx-6a58c2ecd43c8e98d4bdd2e0-4454489267,domain,computer.kplus.com,network_activity,high,Threat Intel Hub,block_and_report,True,"source:otx;tlp:white;otx:tag=""chisel"";otx:tag=""web shell"";otx:tag=""asp.net web shell"";otx:tag=""cloudflare tunnel"";otx:tag=""it services"";otx:tag=""credential dumping"";otx:tag=""revsocks"";otx:tag=""south asia"";otx:tag=""rust-based ransomware"";otx:tag=""spirals""",2026-07-17 10:25,2026-07-24 13:54
otx-6a316151d9ab4af59e56576d-4414602657,domain,comunidadesparentais.com.br,network_activity,high,Threat Intel Hub,block_and_report,True,"source:otx;tlp:white;otx:tag=""dragonforce"";otx:tag=""dll side-loading"";otx:tag=""ransomware"";otx:tag=""byovd"";otx:tag=""cve-2023-52271"";otx:tag=""cve-2025-61155"";otx:tag=""cve-2025-1055"";otx:tag=""turn relay"";otx:tag=""credential theft"";otx:tag=""vulnerable drivers""",2026-07-17 10:25,2026-07-24 13:54
otx-6a316151d9ab4af59e56576d-4414602658,domain,glanz-gmbh.de,network_activity,high,Threat Intel Hub,block_and_report,True,"source:otx;tlp:white;otx:tag=""dragonforce"";otx:tag=""dll side-loading"";otx:tag=""ransomware"";otx:tag=""byovd"";otx:tag=""cve-2023-52271"";otx:tag=""cve-2025-61155"";otx:tag=""cve-2025-1055"";otx:tag=""turn relay"";otx:tag=""credential theft"";otx:tag=""vulnerable drivers""",2026-07-17 10:25,2026-07-24 13:54
otx-6a316151d9ab4af59e56576d-4414602659,domain,mysimerp.net,network_activity,high,Threat Intel Hub,block_and_report,True,"source:otx;tlp:white;otx:tag=""dragonforce"";otx:tag=""dll side-loading"";otx:tag=""ransomware"";otx:tag=""byovd"";otx:tag=""cve-2023-52271"";otx:tag=""cve-2025-61155"";otx:tag=""cve-2025-1055"";otx:tag=""turn relay"";otx:tag=""credential theft"";otx:tag=""vulnerable drivers""",2026-07-17 10:25,2026-07-24 13:54
otx-6a316151d9ab4af59e56576d-4414602660,domain,professionalhomebasedbusiness.com,network_activity,high,Threat Intel Hub,block_and_report,True,"source:otx;tlp:white;otx:tag=""dragonforce"";otx:tag=""dll side-loading"";otx:tag=""ransomware"";otx:tag=""byovd"";otx:tag=""cve-2023-52271"";otx:tag=""cve-2025-61155"";otx:tag=""cve-2025-1055"";otx:tag=""turn relay"";otx:tag=""credential theft"";otx:tag=""vulnerable drivers""",2026-07-17 10:25,2026-07-24 13:54
otx-6a316151d9ab4af59e56576d-4414602661,domain,projetosmecanicos.com.br,network_activity,high,Threat Intel Hub,block_and_report,True,"source:otx;tlp:white;otx:tag=""dragonforce"";otx:tag=""dll side-loading"";otx:tag=""ransomware"";otx:tag=""byovd"";otx:tag=""cve-2023-52271"";otx:tag=""cve-2025-61155"";otx:tag=""cve-2025-1055"";otx:tag=""turn relay"";otx:tag=""credential theft"";otx:tag=""vulnerable drivers""",2026-07-17 10:25,2026-07-24 13:54
otx-6a316151d9ab4af59e56576d-4414602662,domain,safefire.jo,network_activity,high,Threat Intel Hub,block_and_report,True,"source:otx;tlp:white;otx:tag=""dragonforce"";otx:tag=""dll side-loading"";otx:tag=""ransomware"";otx:tag=""byovd"";otx:tag=""cve-2023-52271"";otx:tag=""cve-2025-61155"";otx:tag=""cve-2025-1055"";otx:tag=""turn relay"";otx:tag=""credential theft"";otx:tag=""vulnerable drivers""",2026-07-17 10:25,2026-07-24 13:54
otx-6a316151d9ab4af59e56576d-4414602663,domain,socialbizsolutions.com,network_activity,high,Threat Intel Hub,block_and_report,True,"source:otx;tlp:white;otx:tag=""dragonforce"";otx:tag=""dll side-loading"";otx:tag=""ransomware"";otx:tag=""byovd"";otx:tag=""cve-2023-52271"";otx:tag=""cve-2025-61155"";otx:tag=""cve-2025-1055"";otx:tag=""turn relay"";otx:tag=""credential theft"";otx:tag=""vulnerable drivers""",2026-07-17 10:25,2026-07-24 13:54
otx-6a316151d9ab4af59e56576d-4414602664,domain,turnkeyaiagents.com,network_activity,high,Threat Intel Hub,block_and_report,True,"source:otx;tlp:white;otx:tag=""dragonforce"";otx:tag=""dll side-loading"";otx:tag=""ransomware"";otx:tag=""byovd"";otx:tag=""cve-2023-52271"";otx:tag=""cve-2025-61155"";otx:tag=""cve-2025-1055"";otx:tag=""turn relay"";otx:tag=""credential theft"";otx:tag=""vulnerable drivers""",2026-07-17 10:25,2026-07-24 13:54
otx-6a315d670f9460fe003298a8-4292003968,domain,resumeacceptable.com,c2,high,Threat Intel Hub,block_and_report,True,"source:otx;tlp:white;otx:tag=""rmmproject"";otx:tag=""blockchain c2"";otx:tag=""chisel"";otx:tag=""etherrat"";otx:tag=""credential theft"";otx:tag=""clickfix"";otx:tag=""dga"";otx:tag=""lateral movement"";otx:tag=""hidden desktop"";otx:tag=""potemkin""",2026-07-17 10:25,2026-07-24 13:54
otx-6a315d670f9460fe003298a8-4327533084,domain,cl.distritovagas.com,c2,high,Threat Intel Hub,block_and_report,True,"source:otx;tlp:white;otx:tag=""rmmproject"";otx:tag=""blockchain c2"";otx:tag=""chisel"";otx:tag=""etherrat"";otx:tag=""credential theft"";otx:tag=""clickfix"";otx:tag=""dga"";otx:tag=""lateral movement"";otx:tag=""hidden desktop"";otx:tag=""potemkin""",2026-07-17 10:25,2026-07-24 13:54
otx-6a315d670f9460fe003298a8-4327536091,domain,sonra.eutialyson.com,c2,high,Threat Intel Hub,block_and_report,True,"source:otx;tlp:white;otx:tag=""rmmproject"";otx:tag=""blockchain c2"";otx:tag=""chisel"";otx:tag=""etherrat"";otx:tag=""credential theft"";otx:tag=""clickfix"";otx:tag=""dga"";otx:tag=""lateral movement"";otx:tag=""hidden desktop"";otx:tag=""potemkin""",2026-07-17 10:25,2026-07-24 13:54
otx-6a315d670f9460fe003298a8-4330599831,domain,pestrear-lamp.xyz,c2,high,Threat Intel Hub,block_and_report,True,"source:otx;tlp:white;otx:tag=""rmmproject"";otx:tag=""blockchain c2"";otx:tag=""chisel"";otx:tag=""etherrat"";otx:tag=""credential theft"";otx:tag=""clickfix"";otx:tag=""dga"";otx:tag=""lateral movement"";otx:tag=""hidden desktop"";otx:tag=""potemkin""",2026-07-17 10:25,2026-07-24 13:54
otx-6a315d670f9460fe003298a8-4414513973,domain,anus-staylard.xyz,c2,high,Threat Intel Hub,block_and_report,True,"source:otx;tlp:white;otx:tag=""rmmproject"";otx:tag=""blockchain c2"";otx:tag=""chisel"";otx:tag=""etherrat"";otx:tag=""credential theft"";otx:tag=""clickfix"";otx:tag=""dga"";otx:tag=""lateral movement"";otx:tag=""hidden desktop"";otx:tag=""potemkin""",2026-07-17 10:25,2026-07-24 13:54
otx-6a315d670f9460fe003298a8-4414513974,domain,fair-bath-fond.xyz,c2,high,Threat Intel Hub,block_and_report,True,"source:otx;tlp:white;otx:tag=""rmmproject"";otx:tag=""blockchain c2"";otx:tag=""chisel"";otx:tag=""etherrat"";otx:tag=""credential theft"";otx:tag=""clickfix"";otx:tag=""dga"";otx:tag=""lateral movement"";otx:tag=""hidden desktop"";otx:tag=""potemkin""",2026-07-17 10:25,2026-07-24 13:54
otx-6a315d670f9460fe003298a8-4414513975,domain,rule-bead-dust.xyz,c2,high,Threat Intel Hub,block_and_report,True,"source:otx;tlp:white;otx:tag=""rmmproject"";otx:tag=""blockchain c2"";otx:tag=""chisel"";otx:tag=""etherrat"";otx:tag=""credential theft"";otx:tag=""clickfix"";otx:tag=""dga"";otx:tag=""lateral movement"";otx:tag=""hidden desktop"";otx:tag=""potemkin""",2026-07-17 10:25,2026-07-24 13:54
otx-6a315d670f9460fe003298a8-4414513976,domain,uglyshop-mare.xyz,c2,high,Threat Intel Hub,block_and_report,True,"source:otx;tlp:white;otx:tag=""rmmproject"";otx:tag=""blockchain c2"";otx:tag=""chisel"";otx:tag=""etherrat"";otx:tag=""credential theft"";otx:tag=""clickfix"";otx:tag=""dga"";otx:tag=""lateral movement"";otx:tag=""hidden desktop"";otx:tag=""potemkin""",2026-07-17 10:25,2026-07-24 13:54
otx-6a30d0b403db287f819b47e9-4414042555,domain,dodod.lat,c2,high,Threat Intel Hub,block_and_report,True,"source:otx;tlp:white;otx:tag=""glasswasm"";otx:tag=""cryptocurrency targeting"";otx:tag=""dead-drop c2"";otx:tag=""webassembly"";otx:tag=""chacha20 encryption"";otx:tag=""supply chain"";otx:tag=""tinygo"";otx:tag=""vs code extensions"";otx:tag=""open vsx"";otx:tag=""solana blockchain""",2026-07-17 10:25,2026-07-24 13:54
otx-6a5775d6071af081378a0eb9-4448226382,domain,apdhlhs3.xyz,c2,high,Threat Intel Hub,block_and_report,True,"source:otx;tlp:white;otx:tag=""darkcloud"";otx:tag=""vidar"";otx:tag=""email campaign"";otx:tag=""acrstealer"";otx:tag=""clickfix"";otx:tag=""seo poisoning"";otx:tag=""amos"";otx:tag=""credential theft"";otx:tag=""blockchain c2"";otx:tag=""agenttesla""",2026-07-17 10:25,2026-07-24 13:54
otx-6a59832ac2ebd9e525a462b9-4350424591,domain,looksta.icu,c2,high,Threat Intel Hub,block_and_report,True,"source:otx;tlp:white;otx:tag=""blockchain c2"";otx:tag=""webdav"";otx:tag=""steganography"";otx:tag=""amatera stealer"";otx:tag=""clickfix"";otx:tag=""acr stealer""",2026-07-17 23:00,2026-07-24 13:54
otx-6a59832ac2ebd9e525a462b9-4356970079,domain,fast.raidher.icu,c2,high,Threat Intel Hub,block_and_report,True,"source:otx;tlp:white;otx:tag=""blockchain c2"";otx:tag=""webdav"";otx:tag=""steganography"";otx:tag=""amatera stealer"";otx:tag=""clickfix"";otx:tag=""acr stealer""",2026-07-17 23:00,2026-07-24 13:54
otx-6a315d670f9460fe003298a8-4414513972,url,https://resumeacceptable.com,c2,high,Threat Intel Hub,block_and_report,True,"source:otx;tlp:white;otx:tag=""rmmproject"";otx:tag=""blockchain c2"";otx:tag=""chisel"";otx:tag=""etherrat"";otx:tag=""credential theft"";otx:tag=""clickfix"";otx:tag=""dga"";otx:tag=""lateral movement"";otx:tag=""hidden desktop"";otx:tag=""potemkin""",2026-07-17 10:25,2026-07-24 13:54
otx-6a30d0b403db287f819b47e9-4414042548,url,http://dodod.lat/darwin/i/_,c2,high,Threat Intel Hub,block_and_report,True,"source:otx;tlp:white;otx:tag=""glasswasm"";otx:tag=""cryptocurrency targeting"";otx:tag=""dead-drop c2"";otx:tag=""webassembly"";otx:tag=""chacha20 encryption"";otx:tag=""supply chain"";otx:tag=""tinygo"";otx:tag=""vs code extensions"";otx:tag=""open vsx"";otx:tag=""solana blockchain""",2026-07-17 10:25,2026-07-24 13:54
otx-6a30d0b403db287f819b47e9-4414042550,url,http://dodod.lat/win32/i/_,c2,high,Threat Intel Hub,block_and_report,True,"source:otx;tlp:white;otx:tag=""glasswasm"";otx:tag=""cryptocurrency targeting"";otx:tag=""dead-drop c2"";otx:tag=""webassembly"";otx:tag=""chacha20 encryption"";otx:tag=""supply chain"";otx:tag=""tinygo"";otx:tag=""vs code extensions"";otx:tag=""open vsx"";otx:tag=""solana blockchain""",2026-07-17 10:25,2026-07-24 13:54
otx-6a30d0b403db287f819b47e9-4414042554,url,https://dodod.lat/win32/i/_,c2,high,Threat Intel Hub,block_and_report,True,"source:otx;tlp:white;otx:tag=""glasswasm"";otx:tag=""cryptocurrency targeting"";otx:tag=""dead-drop c2"";otx:tag=""webassembly"";otx:tag=""chacha20 encryption"";otx:tag=""supply chain"";otx:tag=""tinygo"";otx:tag=""vs code extensions"";otx:tag=""open vsx"";otx:tag=""solana blockchain""",2026-07-17 10:25,2026-07-24 13:54
otx-6a5775d6071af081378a0eb9-4449473414,domain,bduwih8.pro,c2,high,Threat Intel Hub,block_and_report,True,"source:otx;tlp:white;otx:tag=""darkcloud"";otx:tag=""vidar"";otx:tag=""email campaign"";otx:tag=""acrstealer"";otx:tag=""clickfix"";otx:tag=""seo poisoning"";otx:tag=""amos"";otx:tag=""credential theft"";otx:tag=""blockchain c2"";otx:tag=""agenttesla""",2026-07-17 10:25,2026-07-24 13:54
otx-6a58c2ecd43c8e98d4bdd2e0-4453802987,ip,185.141.216.194,network_activity,high,Threat Intel Hub,block_and_report,True,"source:otx;tlp:white;otx:tag=""chisel"";otx:tag=""web shell"";otx:tag=""asp.net web shell"";otx:tag=""cloudflare tunnel"";otx:tag=""it services"";otx:tag=""credential dumping"";otx:tag=""revsocks"";otx:tag=""south asia"";otx:tag=""rust-based ransomware"";otx:tag=""spirals""",2026-07-17 10:25,2026-07-24 13:54
otx-6a58813c09a76d1819c69bb0-4453378306,ip,85.137.53.71,network_activity,high,Threat Intel Hub,block_and_report,True,"source:otx;tlp:white;otx:tag=""bluerabbit"";otx:tag=""miasma"";otx:tag=""npm compromise"";otx:tag=""gigawiper"";otx:tag=""asyncapi""",2026-07-17 10:25,2026-07-24 13:54
otx-6a30d0b403db287f819b47e9-4414042553,url,https://dodod.lat/linux/i/_,c2,high,Threat Intel Hub,block_and_report,True,"source:otx;tlp:white;otx:tag=""glasswasm"";otx:tag=""cryptocurrency targeting"";otx:tag=""dead-drop c2"";otx:tag=""webassembly"";otx:tag=""chacha20 encryption"";otx:tag=""supply chain"";otx:tag=""tinygo"";otx:tag=""vs code extensions"";otx:tag=""open vsx"";otx:tag=""solana blockchain""",2026-07-17 10:25,2026-07-24 13:54
otx-6a5775d6071af081378a0eb9-4449473417,domain,johncon.my,c2,high,Threat Intel Hub,block_and_report,True,"source:otx;tlp:white;otx:tag=""darkcloud"";otx:tag=""vidar"";otx:tag=""email campaign"";otx:tag=""acrstealer"";otx:tag=""clickfix"";otx:tag=""seo poisoning"";otx:tag=""amos"";otx:tag=""credential theft"";otx:tag=""blockchain c2"";otx:tag=""agenttesla""",2026-07-17 10:25,2026-07-24 13:54
otx-6a54e01e0597d81e8ad9f7d0-4452830738,ip,213.111.158.200,phishing,high,Threat Intel Hub,block_and_report,True,"source:otx;tlp:white;otx:tag=""japan"";otx:tag=""spyglace"";otx:tag=""living-off-the-land"";otx:tag=""spear-phishing"";otx:tag=""multi-stage infection"";otx:tag=""apt-c-60"";otx:tag=""legitimate services abuse"";otx:tag=""lnk files""",2026-07-17 10:25,2026-07-24 13:54
otx-6a54e01e0597d81e8ad9f7d0-4452830739,ip,213.111.158.201,phishing,high,Threat Intel Hub,block_and_report,True,"source:otx;tlp:white;otx:tag=""japan"";otx:tag=""spyglace"";otx:tag=""living-off-the-land"";otx:tag=""spear-phishing"";otx:tag=""multi-stage infection"";otx:tag=""apt-c-60"";otx:tag=""legitimate services abuse"";otx:tag=""lnk files""",2026-07-17 10:25,2026-07-24 13:54
otx-6a54e01e0597d81e8ad9f7d0-4452830740,ip,213.111.158.216,phishing,high,Threat Intel Hub,block_and_report,True,"source:otx;tlp:white;otx:tag=""japan"";otx:tag=""spyglace"";otx:tag=""living-off-the-land"";otx:tag=""spear-phishing"";otx:tag=""multi-stage infection"";otx:tag=""apt-c-60"";otx:tag=""legitimate services abuse"";otx:tag=""lnk files""",2026-07-17 10:25,2026-07-24 13:54
otx-6a54e01e0597d81e8ad9f7d0-4452830741,ip,31.58.136.207,phishing,high,Threat Intel Hub,block_and_report,True,"source:otx;tlp:white;otx:tag=""japan"";otx:tag=""spyglace"";otx:tag=""living-off-the-land"";otx:tag=""spear-phishing"";otx:tag=""multi-stage infection"";otx:tag=""apt-c-60"";otx:tag=""legitimate services abuse"";otx:tag=""lnk files""",2026-07-17 10:25,2026-07-24 13:54
otx-6a59832ac2ebd9e525a462b9-2639418634,domain,proton-network.com,c2,high,Threat Intel Hub,block_and_report,True,"source:otx;tlp:white;otx:tag=""blockchain c2"";otx:tag=""webdav"";otx:tag=""steganography"";otx:tag=""amatera stealer"";otx:tag=""clickfix"";otx:tag=""acr stealer""",2026-07-17 23:00,2026-07-24 13:54
otx-6a59832ac2ebd9e525a462b9-4348915056,domain,ux.strainedeasily.icu,c2,high,Threat Intel Hub,block_and_report,True,"source:otx;tlp:white;otx:tag=""blockchain c2"";otx:tag=""webdav"";otx:tag=""steganography"";otx:tag=""amatera stealer"";otx:tag=""clickfix"";otx:tag=""acr stealer""",2026-07-17 23:00,2026-07-24 13:54
otx-6a58c2ecd43c8e98d4bdd2e0-4454489265,url,https://computer.kplus.com/cd.zip,network_activity,high,Threat Intel Hub,block_and_report,True,"source:otx;tlp:white;otx:tag=""chisel"";otx:tag=""web shell"";otx:tag=""asp.net web shell"";otx:tag=""cloudflare tunnel"";otx:tag=""it services"";otx:tag=""credential dumping"";otx:tag=""revsocks"";otx:tag=""south asia"";otx:tag=""rust-based ransomware"";otx:tag=""spirals""",2026-07-17 10:25,2026-07-24 13:54
otx-6a316151d9ab4af59e56576d-4414602656,url,http://192.36.27.51/TechSupV18Fix3.zip,network_activity,high,Threat Intel Hub,block_and_report,True,"source:otx;tlp:white;otx:tag=""dragonforce"";otx:tag=""dll side-loading"";otx:tag=""ransomware"";otx:tag=""byovd"";otx:tag=""cve-2023-52271"";otx:tag=""cve-2025-61155"";otx:tag=""cve-2025-1055"";otx:tag=""turn relay"";otx:tag=""credential theft"";otx:tag=""vulnerable drivers""",2026-07-17 10:25,2026-07-24 13:54
otx-6a315d670f9460fe003298a8-4327533083,url,http://sonra.eutialyson.com/inst24.msi,c2,high,Threat Intel Hub,block_and_report,True,"source:otx;tlp:white;otx:tag=""rmmproject"";otx:tag=""blockchain c2"";otx:tag=""chisel"";otx:tag=""etherrat"";otx:tag=""credential theft"";otx:tag=""clickfix"";otx:tag=""dga"";otx:tag=""lateral movement"";otx:tag=""hidden desktop"";otx:tag=""potemkin""",2026-07-17 10:25,2026-07-24 13:54
otx-6a315d670f9460fe003298a8-4328865250,url,https://cl.distritovagas.com/hte.hta,c2,high,Threat Intel Hub,block_and_report,True,"source:otx;tlp:white;otx:tag=""rmmproject"";otx:tag=""blockchain c2"";otx:tag=""chisel"";otx:tag=""etherrat"";otx:tag=""credential theft"";otx:tag=""clickfix"";otx:tag=""dga"";otx:tag=""lateral movement"";otx:tag=""hidden desktop"";otx:tag=""potemkin""",2026-07-17 10:25,2026-07-24 13:54
otx-6a315d670f9460fe003298a8-4414513968,url,http://77.110.122.58:23205/cons_1.0.1.msi,c2,high,Threat Intel Hub,block_and_report,True,"source:otx;tlp:white;otx:tag=""rmmproject"";otx:tag=""blockchain c2"";otx:tag=""chisel"";otx:tag=""etherrat"";otx:tag=""credential theft"";otx:tag=""clickfix"";otx:tag=""dga"";otx:tag=""lateral movement"";otx:tag=""hidden desktop"";otx:tag=""potemkin""",2026-07-17 10:25,2026-07-24 13:54
otx-6a315d670f9460fe003298a8-4414513969,url,http://77.110.122.58:23205/lQhEQui9a4lZ.exe,c2,high,Threat Intel Hub,block_and_report,True,"source:otx;tlp:white;otx:tag=""rmmproject"";otx:tag=""blockchain c2"";otx:tag=""chisel"";otx:tag=""etherrat"";otx:tag=""credential theft"";otx:tag=""clickfix"";otx:tag=""dga"";otx:tag=""lateral movement"";otx:tag=""hidden desktop"";otx:tag=""potemkin""",2026-07-17 10:25,2026-07-24 13:54
otx-6a315d670f9460fe003298a8-4414513970,url,http://77.110.122.58:23205/lQhEQui9a4lZ.exe',c2,high,Threat Intel Hub,block_and_report,True,"source:otx;tlp:white;otx:tag=""rmmproject"";otx:tag=""blockchain c2"";otx:tag=""chisel"";otx:tag=""etherrat"";otx:tag=""credential theft"";otx:tag=""clickfix"";otx:tag=""dga"";otx:tag=""lateral movement"";otx:tag=""hidden desktop"";otx:tag=""potemkin""",2026-07-17 10:25,2026-07-24 13:54
otx-6a315d670f9460fe003298a8-4414513971,url,http://77.110.122.58:44479/bjxxUmG8K3uy.ps1,c2,high,Threat Intel Hub,block_and_report,True,"source:otx;tlp:white;otx:tag=""rmmproject"";otx:tag=""blockchain c2"";otx:tag=""chisel"";otx:tag=""etherrat"";otx:tag=""credential theft"";otx:tag=""clickfix"";otx:tag=""dga"";otx:tag=""lateral movement"";otx:tag=""hidden desktop"";otx:tag=""potemkin""",2026-07-17 10:25,2026-07-24 13:54
otx-6a30d0b403db287f819b47e9-4414042551,url,https://dodod.lat/,c2,high,Threat Intel Hub,block_and_report,True,"source:otx;tlp:white;otx:tag=""glasswasm"";otx:tag=""cryptocurrency targeting"";otx:tag=""dead-drop c2"";otx:tag=""webassembly"";otx:tag=""chacha20 encryption"";otx:tag=""supply chain"";otx:tag=""tinygo"";otx:tag=""vs code extensions"";otx:tag=""open vsx"";otx:tag=""solana blockchain""",2026-07-17 10:25,2026-07-24 13:54
otx-6a5903832a32a07a14de0d86-4454500699,ip,176.32.34.135,network_activity,high,Threat Intel Hub,block_and_report,True,"source:otx;tlp:white;otx:tag=""russia targeted"";otx:tag=""hellobackdoor"";otx:tag=""hellocleaner"";otx:tag=""dll sideloading"";otx:tag=""chinese apt"";otx:tag=""helloexecutor"";otx:tag=""helloproxy"";otx:tag=""rust backdoor"";otx:tag=""hellonet"";otx:tag=""helloinjector""",2026-07-17 10:25,2026-07-24 13:54
otx-6a5903832a32a07a14de0d86-4454500700,ip,5.39.253.206,network_activity,high,Threat Intel Hub,block_and_report,True,"source:otx;tlp:white;otx:tag=""russia targeted"";otx:tag=""hellobackdoor"";otx:tag=""hellocleaner"";otx:tag=""dll sideloading"";otx:tag=""chinese apt"";otx:tag=""helloexecutor"";otx:tag=""helloproxy"";otx:tag=""rust backdoor"";otx:tag=""hellonet"";otx:tag=""helloinjector""",2026-07-17 10:25,2026-07-24 13:54
otx-6a30d0b403db287f819b47e9-4414042552,url,https://dodod.lat/darwin/i/_,c2,high,Threat Intel Hub,block_and_report,True,"source:otx;tlp:white;otx:tag=""glasswasm"";otx:tag=""cryptocurrency targeting"";otx:tag=""dead-drop c2"";otx:tag=""webassembly"";otx:tag=""chacha20 encryption"";otx:tag=""supply chain"";otx:tag=""tinygo"";otx:tag=""vs code extensions"";otx:tag=""open vsx"";otx:tag=""solana blockchain""",2026-07-17 10:25,2026-07-24 13:54
otx-6a59832ac2ebd9e525a462b9-4454706445,domain,creativecommunityinfo.art,c2,high,Threat Intel Hub,block_and_report,True,"source:otx;tlp:white;otx:tag=""blockchain c2"";otx:tag=""webdav"";otx:tag=""steganography"";otx:tag=""amatera stealer"";otx:tag=""clickfix"";otx:tag=""acr stealer""",2026-07-17 23:00,2026-07-24 13:54
otx-6a59832ac2ebd9e525a462b9-4454706446,domain,enhanceblabber.cc,c2,high,Threat Intel Hub,block_and_report,True,"source:otx;tlp:white;otx:tag=""blockchain c2"";otx:tag=""webdav"";otx:tag=""steganography"";otx:tag=""amatera stealer"";otx:tag=""clickfix"";otx:tag=""acr stealer""",2026-07-17 23:00,2026-07-24 13:54
otx-6a59832ac2ebd9e525a462b9-4454706447,domain,prism-matrixs.com,c2,high,Threat Intel Hub,block_and_report,True,"source:otx;tlp:white;otx:tag=""blockchain c2"";otx:tag=""webdav"";otx:tag=""steganography"";otx:tag=""amatera stealer"";otx:tag=""clickfix"";otx:tag=""acr stealer""",2026-07-17 23:00,2026-07-24 13:54
otx-6a59832ac2ebd9e525a462b9-4454706448,domain,breaksd.wifihot.icu,c2,high,Threat Intel Hub,block_and_report,True,"source:otx;tlp:white;otx:tag=""blockchain c2"";otx:tag=""webdav"";otx:tag=""steganography"";otx:tag=""amatera stealer"";otx:tag=""clickfix"";otx:tag=""acr stealer""",2026-07-17 23:00,2026-07-24 13:54
otx-6a59832ac2ebd9e525a462b9-4454706449,domain,contrite.quirksturdy.icu,c2,high,Threat Intel Hub,block_and_report,True,"source:otx;tlp:white;otx:tag=""blockchain c2"";otx:tag=""webdav"";otx:tag=""steganography"";otx:tag=""amatera stealer"";otx:tag=""clickfix"";otx:tag=""acr stealer""",2026-07-17 23:00,2026-07-24 13:54
otx-6a59832ac2ebd9e525a462b9-4454706450,domain,walter.filloco.icu,c2,high,Threat Intel Hub,block_and_report,True,"source:otx;tlp:white;otx:tag=""blockchain c2"";otx:tag=""webdav"";otx:tag=""steganography"";otx:tag=""amatera stealer"";otx:tag=""clickfix"";otx:tag=""acr stealer""",2026-07-17 23:00,2026-07-24 13:54
otx-6a23107727fdc1e824252731-4396052436,url,http://140.206.161.227:443,network_activity,high,Threat Intel Hub,block_and_report,True,"source:otx;tlp:white;otx:tag=""gamshen"";otx:tag=""plugx"";otx:tag=""meterpreter"";otx:tag=""cobalt strike"";otx:tag=""ghostkit"";otx:tag=""efspotato"";otx:tag=""timestomping""",2026-07-10 11:14,2026-07-24 13:54
otx-6a23107727fdc1e824252731-4396052437,url,http://43.160.202.246:8053,network_activity,high,Threat Intel Hub,block_and_report,True,"source:otx;tlp:white;otx:tag=""gamshen"";otx:tag=""plugx"";otx:tag=""meterpreter"";otx:tag=""cobalt strike"";otx:tag=""ghostkit"";otx:tag=""efspotato"";otx:tag=""timestomping""",2026-07-10 11:14,2026-07-24 13:54
otx-6a59832ac2ebd9e525a462b9-4454706443,domain,auramatrixa.com,c2,high,Threat Intel Hub,block_and_report,True,"source:otx;tlp:white;otx:tag=""blockchain c2"";otx:tag=""webdav"";otx:tag=""steganography"";otx:tag=""amatera stealer"";otx:tag=""clickfix"";otx:tag=""acr stealer""",2026-07-17 23:00,2026-07-24 13:54
otx-6a59832ac2ebd9e525a462b9-4454706444,domain,cpppemwjewjoiwejow.sale,c2,high,Threat Intel Hub,block_and_report,True,"source:otx;tlp:white;otx:tag=""blockchain c2"";otx:tag=""webdav"";otx:tag=""steganography"";otx:tag=""amatera stealer"";otx:tag=""clickfix"";otx:tag=""acr stealer""",2026-07-17 23:00,2026-07-24 13:54
otx-6a32e5873cf59d36f41c77be-4417376231,url,http://64.95.13.238/payload.php',network_activity,high,Threat Intel Hub,block_and_report,True,"source:otx;tlp:white;otx:tag=""banana rat"";otx:tag=""fake captcha"";otx:tag=""smartrat"";otx:tag=""powershell"";otx:tag=""typosquatting"";otx:tag=""ghostloader"";otx:tag=""brazil"";otx:tag=""clickfix"";otx:tag=""qr code interception"";otx:tag=""banking trojan""",2026-07-18 23:00,2026-07-24 13:54
otx-6a32e5873cf59d36f41c77be-2590886288,domain,crefisa.online,network_activity,high,Threat Intel Hub,block_and_report,True,"source:otx;tlp:white;otx:tag=""banana rat"";otx:tag=""fake captcha"";otx:tag=""smartrat"";otx:tag=""powershell"";otx:tag=""typosquatting"";otx:tag=""ghostloader"";otx:tag=""brazil"";otx:tag=""clickfix"";otx:tag=""qr code interception"";otx:tag=""banking trojan""",2026-07-18 23:00,2026-07-24 13:54
otx-6a32e5873cf59d36f41c77be-4356969737,domain,windowsupdate-cdn.com,network_activity,high,Threat Intel Hub,block_and_report,True,"source:otx;tlp:white;otx:tag=""banana rat"";otx:tag=""fake captcha"";otx:tag=""smartrat"";otx:tag=""powershell"";otx:tag=""typosquatting"";otx:tag=""ghostloader"";otx:tag=""brazil"";otx:tag=""clickfix"";otx:tag=""qr code interception"";otx:tag=""banking trojan""",2026-07-18 23:00,2026-07-24 13:54
otx-6a32e5873cf59d36f41c77be-4383533038,domain,c.windowsupdate-cdn.com,network_activity,high,Threat Intel Hub,block_and_report,True,"source:otx;tlp:white;otx:tag=""banana rat"";otx:tag=""fake captcha"";otx:tag=""smartrat"";otx:tag=""powershell"";otx:tag=""typosquatting"";otx:tag=""ghostloader"";otx:tag=""brazil"";otx:tag=""clickfix"";otx:tag=""qr code interception"";otx:tag=""banking trojan""",2026-07-18 23:00,2026-07-24 13:54
otx-6a32e5873cf59d36f41c77be-4417376232,domain,cartaobb.com,network_activity,high,Threat Intel Hub,block_and_report,True,"source:otx;tlp:white;otx:tag=""banana rat"";otx:tag=""fake captcha"";otx:tag=""smartrat"";otx:tag=""powershell"";otx:tag=""typosquatting"";otx:tag=""ghostloader"";otx:tag=""brazil"";otx:tag=""clickfix"";otx:tag=""qr code interception"";otx:tag=""banking trojan""",2026-07-18 23:00,2026-07-24 13:54
otx-6a32e5873cf59d36f41c77be-4417376233,domain,cartaobrb.com.br,network_activity,high,Threat Intel Hub,block_and_report,True,"source:otx;tlp:white;otx:tag=""banana rat"";otx:tag=""fake captcha"";otx:tag=""smartrat"";otx:tag=""powershell"";otx:tag=""typosquatting"";otx:tag=""ghostloader"";otx:tag=""brazil"";otx:tag=""clickfix"";otx:tag=""qr code interception"";otx:tag=""banking trojan""",2026-07-18 23:00,2026-07-24 13:54
otx-6a32e5873cf59d36f41c77be-4417376234,domain,vfsgloball.net,network_activity,high,Threat Intel Hub,block_and_report,True,"source:otx;tlp:white;otx:tag=""banana rat"";otx:tag=""fake captcha"";otx:tag=""smartrat"";otx:tag=""powershell"";otx:tag=""typosquatting"";otx:tag=""ghostloader"";otx:tag=""brazil"";otx:tag=""clickfix"";otx:tag=""qr code interception"";otx:tag=""banking trojan""",2026-07-18 23:00,2026-07-24 13:54
otx-6a28363f58453c0b99062360-4402609018,url,https://amazonalert.xyz/download/code.txt,phishing,high,Threat Intel Hub,block_and_report,True,"source:otx;tlp:white;otx:tag=""clickfix"";otx:tag=""fake captcha"";otx:tag=""phishing campaign"";otx:tag=""harbor sentinel""",2026-07-10 11:14,2026-07-24 13:54
otx-6a28363f58453c0b99062360-4402609019,url,https://amazonattention.com/verify,phishing,high,Threat Intel Hub,block_and_report,True,"source:otx;tlp:white;otx:tag=""clickfix"";otx:tag=""fake captcha"";otx:tag=""phishing campaign"";otx:tag=""harbor sentinel""",2026-07-10 11:14,2026-07-24 13:54
otx-6a5dec09c0c4b7d2a00d7b2c-4294793184,domain,gatuso.duckdns.org,c2,high,Threat Intel Hub,block_and_report,True,"source:otx;tlp:white;otx:tag=""adaptixc2"";otx:tag=""defense-evasion"";otx:tag=""darkcloud stealer"";otx:tag=""malware-as-a-service"";otx:tag=""formbook"";otx:tag=""winos4.0"";otx:tag=""crypter-service"";otx:tag=""xworm"";otx:tag=""byovd"";otx:tag=""dcrat""",2026-07-20 23:00,2026-07-24 13:54
otx-6a30d0b403db287f819b47e9-4414042549,url,http://dodod.lat/linux/i/_,c2,high,Threat Intel Hub,block_and_report,True,"source:otx;tlp:white;otx:tag=""glasswasm"";otx:tag=""cryptocurrency targeting"";otx:tag=""dead-drop c2"";otx:tag=""webassembly"";otx:tag=""chacha20 encryption"";otx:tag=""supply chain"";otx:tag=""tinygo"";otx:tag=""vs code extensions"";otx:tag=""open vsx"";otx:tag=""solana blockchain""",2026-07-17 10:25,2026-07-24 13:54
otx-6a59832ac2ebd9e525a462b9-4367351266,domain,apigrokcloud.icu,c2,high,Threat Intel Hub,block_and_report,True,"source:otx;tlp:white;otx:tag=""blockchain c2"";otx:tag=""webdav"";otx:tag=""steganography"";otx:tag=""amatera stealer"";otx:tag=""clickfix"";otx:tag=""acr stealer""",2026-07-17 23:00,2026-07-24 13:54
otx-6a59832ac2ebd9e525a462b9-4370017135,domain,deep-harborio.com,c2,high,Threat Intel Hub,block_and_report,True,"source:otx;tlp:white;otx:tag=""blockchain c2"";otx:tag=""webdav"";otx:tag=""steganography"";otx:tag=""amatera stealer"";otx:tag=""clickfix"";otx:tag=""acr stealer""",2026-07-17 23:00,2026-07-24 13:54
otx-6a59832ac2ebd9e525a462b9-4378494744,domain,zealpraxis.com,c2,high,Threat Intel Hub,block_and_report,True,"source:otx;tlp:white;otx:tag=""blockchain c2"";otx:tag=""webdav"";otx:tag=""steganography"";otx:tag=""amatera stealer"";otx:tag=""clickfix"";otx:tag=""acr stealer""",2026-07-17 23:00,2026-07-24 13:54
otx-6a59832ac2ebd9e525a462b9-4454706442,domain,prism-vertex.com,c2,high,Threat Intel Hub,block_and_report,True,"source:otx;tlp:white;otx:tag=""blockchain c2"";otx:tag=""webdav"";otx:tag=""steganography"";otx:tag=""amatera stealer"";otx:tag=""clickfix"";otx:tag=""acr stealer""",2026-07-17 23:00,2026-07-24 13:54
otx-6a3526fcbaffc5909dd73ce4-4277309942,domain,wawsenti.duckdns.org,c2,high,Threat Intel Hub,block_and_report,True,"source:otx;tlp:white;otx:tag=""tailscale"";otx:tag=""rustdesk"";otx:tag=""poisson"";otx:tag=""credential-theft"";otx:tag=""france"";otx:tag=""keylogger"";otx:tag=""fileless-attack"";otx:tag=""openssh"";otx:tag=""havoc"";otx:tag=""havoc-c2""",2026-07-19 23:00,2026-07-24 13:54
otx-6a3526fcbaffc5909dd73ce4-4419705309,domain,pois43.s3.eu-central-003.backblazeb2.com,c2,high,Threat Intel Hub,block_and_report,True,"source:otx;tlp:white;otx:tag=""tailscale"";otx:tag=""rustdesk"";otx:tag=""poisson"";otx:tag=""credential-theft"";otx:tag=""france"";otx:tag=""keylogger"";otx:tag=""fileless-attack"";otx:tag=""openssh"";otx:tag=""havoc"";otx:tag=""havoc-c2""",2026-07-19 23:00,2026-07-24 13:54
otx-6a3526fcbaffc5909dd73ce4-4419705310,domain,sentiwaw.s3.eu-central-003.backblazeb2.com,c2,high,Threat Intel Hub,block_and_report,True,"source:otx;tlp:white;otx:tag=""tailscale"";otx:tag=""rustdesk"";otx:tag=""poisson"";otx:tag=""credential-theft"";otx:tag=""france"";otx:tag=""keylogger"";otx:tag=""fileless-attack"";otx:tag=""openssh"";otx:tag=""havoc"";otx:tag=""havoc-c2""",2026-07-19 23:00,2026-07-24 13:54
otx-6a3526fcbaffc5909dd73ce4-4419705311,domain,w456w5.s3.eu-central-003.backblazeb2.com,c2,high,Threat Intel Hub,block_and_report,True,"source:otx;tlp:white;otx:tag=""tailscale"";otx:tag=""rustdesk"";otx:tag=""poisson"";otx:tag=""credential-theft"";otx:tag=""france"";otx:tag=""keylogger"";otx:tag=""fileless-attack"";otx:tag=""openssh"";otx:tag=""havoc"";otx:tag=""havoc-c2""",2026-07-19 23:00,2026-07-24 13:54
otx-6a5b639c3194d1cc5f0e281b-4455431544,domain,rema200426.duckdns.org,network_activity,high,Threat Intel Hub,block_and_report,True,"source:otx;tlp:white;otx:tag=""hvnc"";otx:tag=""njrat"";otx:tag=""banking fraud"";otx:tag=""vbscript dropper"";otx:tag=""asyncrat"";otx:tag=""limerat"";otx:tag=""process injection"";otx:tag=""apt-c-36"";otx:tag=""chrome credential theft"";otx:tag=""latin america""",2026-07-20 23:00,2026-07-24 13:54
otx-6a5dec09c0c4b7d2a00d7b2c-4179783992,domain,almacensantangel.com,c2,high,Threat Intel Hub,block_and_report,True,"source:otx;tlp:white;otx:tag=""adaptixc2"";otx:tag=""defense-evasion"";otx:tag=""darkcloud stealer"";otx:tag=""malware-as-a-service"";otx:tag=""formbook"";otx:tag=""winos4.0"";otx:tag=""crypter-service"";otx:tag=""xworm"";otx:tag=""byovd"";otx:tag=""dcrat""",2026-07-20 23:00,2026-07-24 13:54
otx-6a5dec09c0c4b7d2a00d7b2c-4410268191,url,https://almacensantangel.com/wp-includes/assets/YourSSA_Documents_0000000676152_05_187_2026_Document_0000000676152.rar,c2,high,Threat Intel Hub,block_and_report,True,"source:otx;tlp:white;otx:tag=""adaptixc2"";otx:tag=""defense-evasion"";otx:tag=""darkcloud stealer"";otx:tag=""malware-as-a-service"";otx:tag=""formbook"";otx:tag=""winos4.0"";otx:tag=""crypter-service"";otx:tag=""xworm"";otx:tag=""byovd"";otx:tag=""dcrat""",2026-07-20 23:00,2026-07-24 13:54
otx-6a5dec09c0c4b7d2a00d7b2c-4434291397,domain,0zbqnac1t4dv2t2wuodv1m.com,c2,high,Threat Intel Hub,block_and_report,True,"source:otx;tlp:white;otx:tag=""adaptixc2"";otx:tag=""defense-evasion"";otx:tag=""darkcloud stealer"";otx:tag=""malware-as-a-service"";otx:tag=""formbook"";otx:tag=""winos4.0"";otx:tag=""crypter-service"";otx:tag=""xworm"";otx:tag=""byovd"";otx:tag=""dcrat""",2026-07-20 23:00,2026-07-24 13:54
otx-6a5dec09c0c4b7d2a00d7b2c-4438231447,domain,digital-magicians.com,c2,high,Threat Intel Hub,block_and_report,True,"source:otx;tlp:white;otx:tag=""adaptixc2"";otx:tag=""defense-evasion"";otx:tag=""darkcloud stealer"";otx:tag=""malware-as-a-service"";otx:tag=""formbook"";otx:tag=""winos4.0"";otx:tag=""crypter-service"";otx:tag=""xworm"";otx:tag=""byovd"";otx:tag=""dcrat""",2026-07-20 23:00,2026-07-24 13:54
otx-6a5dec09c0c4b7d2a00d7b2c-4439927569,domain,fiusyevr.live,c2,high,Threat Intel Hub,block_and_report,True,"source:otx;tlp:white;otx:tag=""adaptixc2"";otx:tag=""defense-evasion"";otx:tag=""darkcloud stealer"";otx:tag=""malware-as-a-service"";otx:tag=""formbook"";otx:tag=""winos4.0"";otx:tag=""crypter-service"";otx:tag=""xworm"";otx:tag=""byovd"";otx:tag=""dcrat""",2026-07-20 23:00,2026-07-24 13:54
otx-6a5dec09c0c4b7d2a00d7b2c-4450007960,domain,fvxcuvuyte.live,c2,high,Threat Intel Hub,block_and_report,True,"source:otx;tlp:white;otx:tag=""adaptixc2"";otx:tag=""defense-evasion"";otx:tag=""darkcloud stealer"";otx:tag=""malware-as-a-service"";otx:tag=""formbook"";otx:tag=""winos4.0"";otx:tag=""crypter-service"";otx:tag=""xworm"";otx:tag=""byovd"";otx:tag=""dcrat""",2026-07-20 23:00,2026-07-24 13:54
otx-6a5dec09c0c4b7d2a00d7b2c-4456404099,url,http://faeytrdeaw.gu.cc,c2,high,Threat Intel Hub,block_and_report,True,"source:otx;tlp:white;otx:tag=""adaptixc2"";otx:tag=""defense-evasion"";otx:tag=""darkcloud stealer"";otx:tag=""malware-as-a-service"";otx:tag=""formbook"";otx:tag=""winos4.0"";otx:tag=""crypter-service"";otx:tag=""xworm"";otx:tag=""byovd"";otx:tag=""dcrat""",2026-07-20 23:00,2026-07-24 13:54
otx-6a5dec09c0c4b7d2a00d7b2c-4456404100,url,http://figyuyrqwr.gu.cc,c2,high,Threat Intel Hub,block_and_report,True,"source:otx;tlp:white;otx:tag=""adaptixc2"";otx:tag=""defense-evasion"";otx:tag=""darkcloud stealer"";otx:tag=""malware-as-a-service"";otx:tag=""formbook"";otx:tag=""winos4.0"";otx:tag=""crypter-service"";otx:tag=""xworm"";otx:tag=""byovd"";otx:tag=""dcrat""",2026-07-20 23:00,2026-07-24 13:54
otx-6a5dec09c0c4b7d2a00d7b2c-4456404101,url,http://fiusyevr.live,c2,high,Threat Intel Hub,block_and_report,True,"source:otx;tlp:white;otx:tag=""adaptixc2"";otx:tag=""defense-evasion"";otx:tag=""darkcloud stealer"";otx:tag=""malware-as-a-service"";otx:tag=""formbook"";otx:tag=""winos4.0"";otx:tag=""crypter-service"";otx:tag=""xworm"";otx:tag=""byovd"";otx:tag=""dcrat""",2026-07-20 23:00,2026-07-24 13:54
otx-6a5dec09c0c4b7d2a00d7b2c-4456404102,url,http://fuaytrwese.love,c2,high,Threat Intel Hub,block_and_report,True,"source:otx;tlp:white;otx:tag=""adaptixc2"";otx:tag=""defense-evasion"";otx:tag=""darkcloud stealer"";otx:tag=""malware-as-a-service"";otx:tag=""formbook"";otx:tag=""winos4.0"";otx:tag=""crypter-service"";otx:tag=""xworm"";otx:tag=""byovd"";otx:tag=""dcrat""",2026-07-20 23:00,2026-07-24 13:54
otx-6a5dec09c0c4b7d2a00d7b2c-4456404103,url,http://hfyuayustrv.gu.cc,c2,high,Threat Intel Hub,block_and_report,True,"source:otx;tlp:white;otx:tag=""adaptixc2"";otx:tag=""defense-evasion"";otx:tag=""darkcloud stealer"";otx:tag=""malware-as-a-service"";otx:tag=""formbook"";otx:tag=""winos4.0"";otx:tag=""crypter-service"";otx:tag=""xworm"";otx:tag=""byovd"";otx:tag=""dcrat""",2026-07-20 23:00,2026-07-24 13:54
otx-6a5dec09c0c4b7d2a00d7b2c-4456404104,url,http://hsahyteiows.gu.cc,c2,high,Threat Intel Hub,block_and_report,True,"source:otx;tlp:white;otx:tag=""adaptixc2"";otx:tag=""defense-evasion"";otx:tag=""darkcloud stealer"";otx:tag=""malware-as-a-service"";otx:tag=""formbook"";otx:tag=""winos4.0"";otx:tag=""crypter-service"";otx:tag=""xworm"";otx:tag=""byovd"";otx:tag=""dcrat""",2026-07-20 23:00,2026-07-24 13:54
otx-6a5dec09c0c4b7d2a00d7b2c-4456404105,url,http://jaiydteds.love,c2,high,Threat Intel Hub,block_and_report,True,"source:otx;tlp:white;otx:tag=""adaptixc2"";otx:tag=""defense-evasion"";otx:tag=""darkcloud stealer"";otx:tag=""malware-as-a-service"";otx:tag=""formbook"";otx:tag=""winos4.0"";otx:tag=""crypter-service"";otx:tag=""xworm"";otx:tag=""byovd"";otx:tag=""dcrat""",2026-07-20 23:00,2026-07-24 13:54
otx-6a5dec09c0c4b7d2a00d7b2c-4456404106,url,http://jsiruytrawey.gu.cc,c2,high,Threat Intel Hub,block_and_report,True,"source:otx;tlp:white;otx:tag=""adaptixc2"";otx:tag=""defense-evasion"";otx:tag=""darkcloud stealer"";otx:tag=""malware-as-a-service"";otx:tag=""formbook"";otx:tag=""winos4.0"";otx:tag=""crypter-service"";otx:tag=""xworm"";otx:tag=""byovd"";otx:tag=""dcrat""",2026-07-20 23:00,2026-07-24 13:54
otx-6a5dec09c0c4b7d2a00d7b2c-4456404107,url,http://kawosyetw.gu.cc,c2,high,Threat Intel Hub,block_and_report,True,"source:otx;tlp:white;otx:tag=""adaptixc2"";otx:tag=""defense-evasion"";otx:tag=""darkcloud stealer"";otx:tag=""malware-as-a-service"";otx:tag=""formbook"";otx:tag=""winos4.0"";otx:tag=""crypter-service"";otx:tag=""xworm"";otx:tag=""byovd"";otx:tag=""dcrat""",2026-07-20 23:00,2026-07-24 13:54
otx-6a5dec09c0c4b7d2a00d7b2c-4456404108,url,http://kawuuterta.gu.cc,c2,high,Threat Intel Hub,block_and_report,True,"source:otx;tlp:white;otx:tag=""adaptixc2"";otx:tag=""defense-evasion"";otx:tag=""darkcloud stealer"";otx:tag=""malware-as-a-service"";otx:tag=""formbook"";otx:tag=""winos4.0"";otx:tag=""crypter-service"";otx:tag=""xworm"";otx:tag=""byovd"";otx:tag=""dcrat""",2026-07-20 23:00,2026-07-24 13:54
otx-6a5dec09c0c4b7d2a00d7b2c-4456404109,url,http://laiwutrencr.gu.cc,c2,high,Threat Intel Hub,block_and_report,True,"source:otx;tlp:white;otx:tag=""adaptixc2"";otx:tag=""defense-evasion"";otx:tag=""darkcloud stealer"";otx:tag=""malware-as-a-service"";otx:tag=""formbook"";otx:tag=""winos4.0"";otx:tag=""crypter-service"";otx:tag=""xworm"";otx:tag=""byovd"";otx:tag=""dcrat""",2026-07-20 23:00,2026-07-24 13:54
otx-6a5dec09c0c4b7d2a00d7b2c-4456404110,url,http://lasiduutfe.gu.cc,c2,high,Threat Intel Hub,block_and_report,True,"source:otx;tlp:white;otx:tag=""adaptixc2"";otx:tag=""defense-evasion"";otx:tag=""darkcloud stealer"";otx:tag=""malware-as-a-service"";otx:tag=""formbook"";otx:tag=""winos4.0"";otx:tag=""crypter-service"";otx:tag=""xworm"";otx:tag=""byovd"";otx:tag=""dcrat""",2026-07-20 23:00,2026-07-24 13:54
otx-6a5dec09c0c4b7d2a00d7b2c-4456404111,url,http://lisiutegrm.live,c2,high,Threat Intel Hub,block_and_report,True,"source:otx;tlp:white;otx:tag=""adaptixc2"";otx:tag=""defense-evasion"";otx:tag=""darkcloud stealer"";otx:tag=""malware-as-a-service"";otx:tag=""formbook"";otx:tag=""winos4.0"";otx:tag=""crypter-service"";otx:tag=""xworm"";otx:tag=""byovd"";otx:tag=""dcrat""",2026-07-20 23:00,2026-07-24 13:54
otx-6a5dec09c0c4b7d2a00d7b2c-4456404112,url,http://maisytawe.gu.cc,c2,high,Threat Intel Hub,block_and_report,True,"source:otx;tlp:white;otx:tag=""adaptixc2"";otx:tag=""defense-evasion"";otx:tag=""darkcloud stealer"";otx:tag=""malware-as-a-service"";otx:tag=""formbook"";otx:tag=""winos4.0"";otx:tag=""crypter-service"";otx:tag=""xworm"";otx:tag=""byovd"";otx:tag=""dcrat""",2026-07-20 23:00,2026-07-24 13:54
otx-6a5dec09c0c4b7d2a00d7b2c-4456404113,url,http://mksfuuerwo.live,c2,high,Threat Intel Hub,block_and_report,True,"source:otx;tlp:white;otx:tag=""adaptixc2"";otx:tag=""defense-evasion"";otx:tag=""darkcloud stealer"";otx:tag=""malware-as-a-service"";otx:tag=""formbook"";otx:tag=""winos4.0"";otx:tag=""crypter-service"";otx:tag=""xworm"";otx:tag=""byovd"";otx:tag=""dcrat""",2026-07-20 23:00,2026-07-24 13:54
otx-6a5dec09c0c4b7d2a00d7b2c-4456404114,url,http://ncduuyese.live,c2,high,Threat Intel Hub,block_and_report,True,"source:otx;tlp:white;otx:tag=""adaptixc2"";otx:tag=""defense-evasion"";otx:tag=""darkcloud stealer"";otx:tag=""malware-as-a-service"";otx:tag=""formbook"";otx:tag=""winos4.0"";otx:tag=""crypter-service"";otx:tag=""xworm"";otx:tag=""byovd"";otx:tag=""dcrat""",2026-07-20 23:00,2026-07-24 13:54
otx-6a5dec09c0c4b7d2a00d7b2c-4456404115,url,http://nciyeyrawoe.gu.cc,c2,high,Threat Intel Hub,block_and_report,True,"source:otx;tlp:white;otx:tag=""adaptixc2"";otx:tag=""defense-evasion"";otx:tag=""darkcloud stealer"";otx:tag=""malware-as-a-service"";otx:tag=""formbook"";otx:tag=""winos4.0"";otx:tag=""crypter-service"";otx:tag=""xworm"";otx:tag=""byovd"";otx:tag=""dcrat""",2026-07-20 23:00,2026-07-24 13:54
otx-6a5dec09c0c4b7d2a00d7b2c-4456404116,url,http://nviuawusye.gu.cc,c2,high,Threat Intel Hub,block_and_report,True,"source:otx;tlp:white;otx:tag=""adaptixc2"";otx:tag=""defense-evasion"";otx:tag=""darkcloud stealer"";otx:tag=""malware-as-a-service"";otx:tag=""formbook"";otx:tag=""winos4.0"";otx:tag=""crypter-service"";otx:tag=""xworm"";otx:tag=""byovd"";otx:tag=""dcrat""",2026-07-20 23:00,2026-07-24 13:54
otx-6a5dec09c0c4b7d2a00d7b2c-4456404117,url,http://nvsieyrrawe.gu.cc,c2,high,Threat Intel Hub,block_and_report,True,"source:otx;tlp:white;otx:tag=""adaptixc2"";otx:tag=""defense-evasion"";otx:tag=""darkcloud stealer"";otx:tag=""malware-as-a-service"";otx:tag=""formbook"";otx:tag=""winos4.0"";otx:tag=""crypter-service"";otx:tag=""xworm"";otx:tag=""byovd"";otx:tag=""dcrat""",2026-07-20 23:00,2026-07-24 13:54
otx-6a5dec09c0c4b7d2a00d7b2c-4456404118,url,http://paiwudyea.love,c2,high,Threat Intel Hub,block_and_report,True,"source:otx;tlp:white;otx:tag=""adaptixc2"";otx:tag=""defense-evasion"";otx:tag=""darkcloud stealer"";otx:tag=""malware-as-a-service"";otx:tag=""formbook"";otx:tag=""winos4.0"";otx:tag=""crypter-service"";otx:tag=""xworm"";otx:tag=""byovd"";otx:tag=""dcrat""",2026-07-20 23:00,2026-07-24 13:54
otx-6a5dec09c0c4b7d2a00d7b2c-4456404121,url,http://svuatwea.love,c2,high,Threat Intel Hub,block_and_report,True,"source:otx;tlp:white;otx:tag=""adaptixc2"";otx:tag=""defense-evasion"";otx:tag=""darkcloud stealer"";otx:tag=""malware-as-a-service"";otx:tag=""formbook"";otx:tag=""winos4.0"";otx:tag=""crypter-service"";otx:tag=""xworm"";otx:tag=""byovd"";otx:tag=""dcrat""",2026-07-20 23:00,2026-07-24 13:54
otx-6a5dec09c0c4b7d2a00d7b2c-4456404134,domain,fuaytrwese.love,c2,high,Threat Intel Hub,block_and_report,True,"source:otx;tlp:white;otx:tag=""adaptixc2"";otx:tag=""defense-evasion"";otx:tag=""darkcloud stealer"";otx:tag=""malware-as-a-service"";otx:tag=""formbook"";otx:tag=""winos4.0"";otx:tag=""crypter-service"";otx:tag=""xworm"";otx:tag=""byovd"";otx:tag=""dcrat""",2026-07-20 23:00,2026-07-24 13:54
otx-6a5dec09c0c4b7d2a00d7b2c-4456404135,domain,hsauyeet.live,c2,high,Threat Intel Hub,block_and_report,True,"source:otx;tlp:white;otx:tag=""adaptixc2"";otx:tag=""defense-evasion"";otx:tag=""darkcloud stealer"";otx:tag=""malware-as-a-service"";otx:tag=""formbook"";otx:tag=""winos4.0"";otx:tag=""crypter-service"";otx:tag=""xworm"";otx:tag=""byovd"";otx:tag=""dcrat""",2026-07-20 23:00,2026-07-24 13:54
otx-6a5dec09c0c4b7d2a00d7b2c-4456404143,domain,qeuasytua.love,c2,high,Threat Intel Hub,block_and_report,True,"source:otx;tlp:white;otx:tag=""adaptixc2"";otx:tag=""defense-evasion"";otx:tag=""darkcloud stealer"";otx:tag=""malware-as-a-service"";otx:tag=""formbook"";otx:tag=""winos4.0"";otx:tag=""crypter-service"";otx:tag=""xworm"";otx:tag=""byovd"";otx:tag=""dcrat""",2026-07-20 23:00,2026-07-24 13:54
otx-6a5dec09c0c4b7d2a00d7b2c-4456404142,domain,paiwudyea.love,c2,high,Threat Intel Hub,block_and_report,True,"source:otx;tlp:white;otx:tag=""adaptixc2"";otx:tag=""defense-evasion"";otx:tag=""darkcloud stealer"";otx:tag=""malware-as-a-service"";otx:tag=""formbook"";otx:tag=""winos4.0"";otx:tag=""crypter-service"";otx:tag=""xworm"";otx:tag=""byovd"";otx:tag=""dcrat""",2026-07-20 23:00,2026-07-24 13:54
otx-6a5dec09c0c4b7d2a00d7b2c-4456404126,url,http://xnbscuya.love,c2,high,Threat Intel Hub,block_and_report,True,"source:otx;tlp:white;otx:tag=""adaptixc2"";otx:tag=""defense-evasion"";otx:tag=""darkcloud stealer"";otx:tag=""malware-as-a-service"";otx:tag=""formbook"";otx:tag=""winos4.0"";otx:tag=""crypter-service"";otx:tag=""xworm"";otx:tag=""byovd"";otx:tag=""dcrat""",2026-07-20 23:00,2026-07-24 13:54
otx-6a5dec09c0c4b7d2a00d7b2c-4456404122,url,http://syfiaydytea.live,c2,high,Threat Intel Hub,block_and_report,True,"source:otx;tlp:white;otx:tag=""adaptixc2"";otx:tag=""defense-evasion"";otx:tag=""darkcloud stealer"";otx:tag=""malware-as-a-service"";otx:tag=""formbook"";otx:tag=""winos4.0"";otx:tag=""crypter-service"";otx:tag=""xworm"";otx:tag=""byovd"";otx:tag=""dcrat""",2026-07-20 23:00,2026-07-24 13:54
otx-6a5dec09c0c4b7d2a00d7b2c-4456404123,url,http://viuyeyrwqs.gu.cc,c2,high,Threat Intel Hub,block_and_report,True,"source:otx;tlp:white;otx:tag=""adaptixc2"";otx:tag=""defense-evasion"";otx:tag=""darkcloud stealer"";otx:tag=""malware-as-a-service"";otx:tag=""formbook"";otx:tag=""winos4.0"";otx:tag=""crypter-service"";otx:tag=""xworm"";otx:tag=""byovd"";otx:tag=""dcrat""",2026-07-20 23:00,2026-07-24 13:54
otx-6a5dec09c0c4b7d2a00d7b2c-4456404124,url,http://vusuydryt.love,c2,high,Threat Intel Hub,block_and_report,True,"source:otx;tlp:white;otx:tag=""adaptixc2"";otx:tag=""defense-evasion"";otx:tag=""darkcloud stealer"";otx:tag=""malware-as-a-service"";otx:tag=""formbook"";otx:tag=""winos4.0"";otx:tag=""crypter-service"";otx:tag=""xworm"";otx:tag=""byovd"";otx:tag=""dcrat""",2026-07-20 23:00,2026-07-24 13:54
otx-6a5dec09c0c4b7d2a00d7b2c-4456404125,url,http://xkcifgieusr.gu.cc,c2,high,Threat Intel Hub,block_and_report,True,"source:otx;tlp:white;otx:tag=""adaptixc2"";otx:tag=""defense-evasion"";otx:tag=""darkcloud stealer"";otx:tag=""malware-as-a-service"";otx:tag=""formbook"";otx:tag=""winos4.0"";otx:tag=""crypter-service"";otx:tag=""xworm"";otx:tag=""byovd"";otx:tag=""dcrat""",2026-07-20 23:00,2026-07-24 13:54
otx-6a5dec09c0c4b7d2a00d7b2c-4456404127,url,http://xuastyrdqk.love,c2,high,Threat Intel Hub,block_and_report,True,"source:otx;tlp:white;otx:tag=""adaptixc2"";otx:tag=""defense-evasion"";otx:tag=""darkcloud stealer"";otx:tag=""malware-as-a-service"";otx:tag=""formbook"";otx:tag=""winos4.0"";otx:tag=""crypter-service"";otx:tag=""xworm"";otx:tag=""byovd"";otx:tag=""dcrat""",2026-07-20 23:00,2026-07-24 13:54
otx-6a5dec09c0c4b7d2a00d7b2c-4456404128,url,http://yicoweytcbtw.gu.cc,c2,high,Threat Intel Hub,block_and_report,True,"source:otx;tlp:white;otx:tag=""adaptixc2"";otx:tag=""defense-evasion"";otx:tag=""darkcloud stealer"";otx:tag=""malware-as-a-service"";otx:tag=""formbook"";otx:tag=""winos4.0"";otx:tag=""crypter-service"";otx:tag=""xworm"";otx:tag=""byovd"";otx:tag=""dcrat""",2026-07-20 23:00,2026-07-24 13:54
otx-6a5dec09c0c4b7d2a00d7b2c-4456404129,url,https://digital-magicians.com/photo295825092412.zip?_r=ea623202,c2,high,Threat Intel Hub,block_and_report,True,"source:otx;tlp:white;otx:tag=""adaptixc2"";otx:tag=""defense-evasion"";otx:tag=""darkcloud stealer"";otx:tag=""malware-as-a-service"";otx:tag=""formbook"";otx:tag=""winos4.0"";otx:tag=""crypter-service"";otx:tag=""xworm"";otx:tag=""byovd"";otx:tag=""dcrat""",2026-07-20 23:00,2026-07-24 13:54
otx-6a5dec09c0c4b7d2a00d7b2c-4456404130,url,https://fvxcuvuyte.live,c2,high,Threat Intel Hub,block_and_report,True,"source:otx;tlp:white;otx:tag=""adaptixc2"";otx:tag=""defense-evasion"";otx:tag=""darkcloud stealer"";otx:tag=""malware-as-a-service"";otx:tag=""formbook"";otx:tag=""winos4.0"";otx:tag=""crypter-service"";otx:tag=""xworm"";otx:tag=""byovd"";otx:tag=""dcrat""",2026-07-20 23:00,2026-07-24 13:54
otx-6a5dec09c0c4b7d2a00d7b2c-4456404131,url,https://hsauyeet.live,c2,high,Threat Intel Hub,block_and_report,True,"source:otx;tlp:white;otx:tag=""adaptixc2"";otx:tag=""defense-evasion"";otx:tag=""darkcloud stealer"";otx:tag=""malware-as-a-service"";otx:tag=""formbook"";otx:tag=""winos4.0"";otx:tag=""crypter-service"";otx:tag=""xworm"";otx:tag=""byovd"";otx:tag=""dcrat""",2026-07-20 23:00,2026-07-24 13:54
otx-6a5b639c3194d1cc5f0e281b-4139698583,ip,178.16.52.80,network_activity,high,Threat Intel Hub,block_and_report,True,"source:otx;tlp:white;otx:tag=""hvnc"";otx:tag=""njrat"";otx:tag=""banking fraud"";otx:tag=""vbscript dropper"";otx:tag=""asyncrat"";otx:tag=""limerat"";otx:tag=""process injection"";otx:tag=""apt-c-36"";otx:tag=""chrome credential theft"";otx:tag=""latin america""",2026-07-20 23:00,2026-07-24 13:54
otx-6a5b639c3194d1cc5f0e281b-4381749050,ip,64.89.160.17,network_activity,high,Threat Intel Hub,block_and_report,True,"source:otx;tlp:white;otx:tag=""hvnc"";otx:tag=""njrat"";otx:tag=""banking fraud"";otx:tag=""vbscript dropper"";otx:tag=""asyncrat"";otx:tag=""limerat"";otx:tag=""process injection"";otx:tag=""apt-c-36"";otx:tag=""chrome credential theft"";otx:tag=""latin america""",2026-07-20 23:00,2026-07-24 13:54
otx-6a5b639c3194d1cc5f0e281b-4455431543,ip,181.235.8.24,network_activity,high,Threat Intel Hub,block_and_report,True,"source:otx;tlp:white;otx:tag=""hvnc"";otx:tag=""njrat"";otx:tag=""banking fraud"";otx:tag=""vbscript dropper"";otx:tag=""asyncrat"";otx:tag=""limerat"";otx:tag=""process injection"";otx:tag=""apt-c-36"";otx:tag=""chrome credential theft"";otx:tag=""latin america""",2026-07-20 23:00,2026-07-24 13:54
otx-6a5dec09c0c4b7d2a00d7b2c-4449587425,ip,89.34.90.99,c2,high,Threat Intel Hub,block_and_report,True,"source:otx;tlp:white;otx:tag=""adaptixc2"";otx:tag=""defense-evasion"";otx:tag=""darkcloud stealer"";otx:tag=""malware-as-a-service"";otx:tag=""formbook"";otx:tag=""winos4.0"";otx:tag=""crypter-service"";otx:tag=""xworm"";otx:tag=""byovd"";otx:tag=""dcrat""",2026-07-20 23:00,2026-07-24 13:54
otx-6a5dec09c0c4b7d2a00d7b2c-4456404132,url,https://kdsuyrse.live,c2,high,Threat Intel Hub,block_and_report,True,"source:otx;tlp:white;otx:tag=""adaptixc2"";otx:tag=""defense-evasion"";otx:tag=""darkcloud stealer"";otx:tag=""malware-as-a-service"";otx:tag=""formbook"";otx:tag=""winos4.0"";otx:tag=""crypter-service"";otx:tag=""xworm"";otx:tag=""byovd"";otx:tag=""dcrat""",2026-07-20 23:00,2026-07-24 13:54
otx-6a5dec09c0c4b7d2a00d7b2c-4456404133,url,https://oakwusya.love,c2,high,Threat Intel Hub,block_and_report,True,"source:otx;tlp:white;otx:tag=""adaptixc2"";otx:tag=""defense-evasion"";otx:tag=""darkcloud stealer"";otx:tag=""malware-as-a-service"";otx:tag=""formbook"";otx:tag=""winos4.0"";otx:tag=""crypter-service"";otx:tag=""xworm"";otx:tag=""byovd"";otx:tag=""dcrat""",2026-07-20 23:00,2026-07-24 13:54
otx-6a5dec09c0c4b7d2a00d7b2c-4456404145,domain,syfiaydytea.live,c2,high,Threat Intel Hub,block_and_report,True,"source:otx;tlp:white;otx:tag=""adaptixc2"";otx:tag=""defense-evasion"";otx:tag=""darkcloud stealer"";otx:tag=""malware-as-a-service"";otx:tag=""formbook"";otx:tag=""winos4.0"";otx:tag=""crypter-service"";otx:tag=""xworm"";otx:tag=""byovd"";otx:tag=""dcrat""",2026-07-20 23:00,2026-07-24 13:54
otx-6a5dec09c0c4b7d2a00d7b2c-4456404146,domain,vusuydryt.love,c2,high,Threat Intel Hub,block_and_report,True,"source:otx;tlp:white;otx:tag=""adaptixc2"";otx:tag=""defense-evasion"";otx:tag=""darkcloud stealer"";otx:tag=""malware-as-a-service"";otx:tag=""formbook"";otx:tag=""winos4.0"";otx:tag=""crypter-service"";otx:tag=""xworm"";otx:tag=""byovd"";otx:tag=""dcrat""",2026-07-20 23:00,2026-07-24 13:54
otx-6a5dec09c0c4b7d2a00d7b2c-4456404147,domain,xnbscuya.love,c2,high,Threat Intel Hub,block_and_report,True,"source:otx;tlp:white;otx:tag=""adaptixc2"";otx:tag=""defense-evasion"";otx:tag=""darkcloud stealer"";otx:tag=""malware-as-a-service"";otx:tag=""formbook"";otx:tag=""winos4.0"";otx:tag=""crypter-service"";otx:tag=""xworm"";otx:tag=""byovd"";otx:tag=""dcrat""",2026-07-20 23:00,2026-07-24 13:54
otx-6a5dec09c0c4b7d2a00d7b2c-4456404148,domain,xuastyrdqk.love,c2,high,Threat Intel Hub,block_and_report,True,"source:otx;tlp:white;otx:tag=""adaptixc2"";otx:tag=""defense-evasion"";otx:tag=""darkcloud stealer"";otx:tag=""malware-as-a-service"";otx:tag=""formbook"";otx:tag=""winos4.0"";otx:tag=""crypter-service"";otx:tag=""xworm"";otx:tag=""byovd"";otx:tag=""dcrat""",2026-07-20 23:00,2026-07-24 13:54
otx-6a5e7a9e8b20b763327b0d2d-4456542254,domain,auth.samecloud.o-r.kr,c2,high,Threat Intel Hub,block_and_report,True,"source:otx;tlp:white;otx:tag=""groupware"";otx:tag=""trollstealer"";otx:tag=""google drive c2"";otx:tag=""gomir"";otx:tag=""supply-chain"";otx:tag=""gobear"";otx:tag=""drivetroy"";otx:tag=""httpspy"";otx:tag=""south korea"";otx:tag=""birdtroy""",2026-07-21 23:00,2026-07-24 13:54
otx-6a5e7a9e8b20b763327b0d2d-4358955722,url,https://www.dwservice.net/,c2,high,Threat Intel Hub,block_and_report,True,"source:otx;tlp:white;otx:tag=""groupware"";otx:tag=""trollstealer"";otx:tag=""google drive c2"";otx:tag=""gomir"";otx:tag=""supply-chain"";otx:tag=""gobear"";otx:tag=""drivetroy"";otx:tag=""httpspy"";otx:tag=""south korea"";otx:tag=""birdtroy""",2026-07-21 23:00,2026-07-24 13:54
otx-6a5e7a9e8b20b763327b0d2d-4456542255,domain,global.webjine.o-r.kr,c2,high,Threat Intel Hub,block_and_report,True,"source:otx;tlp:white;otx:tag=""groupware"";otx:tag=""trollstealer"";otx:tag=""google drive c2"";otx:tag=""gomir"";otx:tag=""supply-chain"";otx:tag=""gobear"";otx:tag=""drivetroy"";otx:tag=""httpspy"";otx:tag=""south korea"";otx:tag=""birdtroy""",2026-07-21 23:00,2026-07-24 13:54
otx-6a5e7a9e8b20b763327b0d2d-4456542248,url,http://www.ilskdeid.o-r.kr:8000/,c2,high,Threat Intel Hub,block_and_report,True,"source:otx;tlp:white;otx:tag=""groupware"";otx:tag=""trollstealer"";otx:tag=""google drive c2"";otx:tag=""gomir"";otx:tag=""supply-chain"";otx:tag=""gobear"";otx:tag=""drivetroy"";otx:tag=""httpspy"";otx:tag=""south korea"";otx:tag=""birdtroy""",2026-07-21 23:00,2026-07-24 13:54
otx-6a5e7a9e8b20b763327b0d2d-4456542251,url,https://global.webjine.o-r.kr/index.php,c2,high,Threat Intel Hub,block_and_report,True,"source:otx;tlp:white;otx:tag=""groupware"";otx:tag=""trollstealer"";otx:tag=""google drive c2"";otx:tag=""gomir"";otx:tag=""supply-chain"";otx:tag=""gobear"";otx:tag=""drivetroy"";otx:tag=""httpspy"";otx:tag=""south korea"";otx:tag=""birdtroy""",2026-07-21 23:00,2026-07-24 13:54
otx-6a5e7a9e8b20b763327b0d2d-4456542245,ip,163.245.195.172,c2,high,Threat Intel Hub,block_and_report,True,"source:otx;tlp:white;otx:tag=""groupware"";otx:tag=""trollstealer"";otx:tag=""google drive c2"";otx:tag=""gomir"";otx:tag=""supply-chain"";otx:tag=""gobear"";otx:tag=""drivetroy"";otx:tag=""httpspy"";otx:tag=""south korea"";otx:tag=""birdtroy""",2026-07-21 23:00,2026-07-24 13:54
otx-6a5e7a9e8b20b763327b0d2d-4456542246,ip,69.10.50.165,c2,high,Threat Intel Hub,block_and_report,True,"source:otx;tlp:white;otx:tag=""groupware"";otx:tag=""trollstealer"";otx:tag=""google drive c2"";otx:tag=""gomir"";otx:tag=""supply-chain"";otx:tag=""gobear"";otx:tag=""drivetroy"";otx:tag=""httpspy"";otx:tag=""south korea"";otx:tag=""birdtroy""",2026-07-21 23:00,2026-07-24 13:54
otx-6a5e7a9e8b20b763327b0d2d-4456542252,url,https://oauth.shacloud.o-r.kr:8443,c2,high,Threat Intel Hub,block_and_report,True,"source:otx;tlp:white;otx:tag=""groupware"";otx:tag=""trollstealer"";otx:tag=""google drive c2"";otx:tag=""gomir"";otx:tag=""supply-chain"";otx:tag=""gobear"";otx:tag=""drivetroy"";otx:tag=""httpspy"";otx:tag=""south korea"";otx:tag=""birdtroy""",2026-07-21 23:00,2026-07-24 13:54
otx-6a5e7a9e8b20b763327b0d2d-4456542253,url,https://oobe.webjine.o-r.kr/index.php,c2,high,Threat Intel Hub,block_and_report,True,"source:otx;tlp:white;otx:tag=""groupware"";otx:tag=""trollstealer"";otx:tag=""google drive c2"";otx:tag=""gomir"";otx:tag=""supply-chain"";otx:tag=""gobear"";otx:tag=""drivetroy"";otx:tag=""httpspy"";otx:tag=""south korea"";otx:tag=""birdtroy""",2026-07-21 23:00,2026-07-24 13:54
otx-6a5e7a9e8b20b763327b0d2d-4456542256,domain,node449013.dwservice.net,c2,high,Threat Intel Hub,block_and_report,True,"source:otx;tlp:white;otx:tag=""groupware"";otx:tag=""trollstealer"";otx:tag=""google drive c2"";otx:tag=""gomir"";otx:tag=""supply-chain"";otx:tag=""gobear"";otx:tag=""drivetroy"";otx:tag=""httpspy"";otx:tag=""south korea"";otx:tag=""birdtroy""",2026-07-21 23:00,2026-07-24 13:54
otx-6a5dec09c0c4b7d2a00d7b2c-4456404144,domain,svuatwea.love,c2,high,Threat Intel Hub,block_and_report,True,"source:otx;tlp:white;otx:tag=""adaptixc2"";otx:tag=""defense-evasion"";otx:tag=""darkcloud stealer"";otx:tag=""malware-as-a-service"";otx:tag=""formbook"";otx:tag=""winos4.0"";otx:tag=""crypter-service"";otx:tag=""xworm"";otx:tag=""byovd"";otx:tag=""dcrat""",2026-07-20 23:00,2026-07-24 13:54
otx-6a5e7a9d5abc92aab562f131-4434283666,domain,cloudlanecdn.com,c2,high,Threat Intel Hub,block_and_report,True,"source:otx;tlp:white;otx:tag=""dns tunneling"";otx:tag=""israeli targets"";otx:tag=""iranian-nexus"";otx:tag=""calendar c2"";otx:tag=""hollowgraph"";otx:tag=""microsoft graph api abuse"";otx:tag=""cyber espionage"";otx:tag=""cavern""",2026-07-21 23:00,2026-07-24 13:54
otx-6a5e7a9d5abc92aab562f131-4456542226,domain,p.cloudlanecdn.com,c2,high,Threat Intel Hub,block_and_report,True,"source:otx;tlp:white;otx:tag=""dns tunneling"";otx:tag=""israeli targets"";otx:tag=""iranian-nexus"";otx:tag=""calendar c2"";otx:tag=""hollowgraph"";otx:tag=""microsoft graph api abuse"";otx:tag=""cyber espionage"";otx:tag=""cavern""",2026-07-21 23:00,2026-07-24 13:54
otx-6a5e7a9d5abc92aab562f131-4456542227,domain,q.cloudlanecdn.com,c2,high,Threat Intel Hub,block_and_report,True,"source:otx;tlp:white;otx:tag=""dns tunneling"";otx:tag=""israeli targets"";otx:tag=""iranian-nexus"";otx:tag=""calendar c2"";otx:tag=""hollowgraph"";otx:tag=""microsoft graph api abuse"";otx:tag=""cyber espionage"";otx:tag=""cavern""",2026-07-21 23:00,2026-07-24 13:54
otx-6a5e7a9e8b20b763327b0d2d-4285484480,domain,commit.hanbiro.o-r.kr,c2,high,Threat Intel Hub,block_and_report,True,"source:otx;tlp:white;otx:tag=""groupware"";otx:tag=""trollstealer"";otx:tag=""google drive c2"";otx:tag=""gomir"";otx:tag=""supply-chain"";otx:tag=""gobear"";otx:tag=""drivetroy"";otx:tag=""httpspy"";otx:tag=""south korea"";otx:tag=""birdtroy""",2026-07-21 23:00,2026-07-24 13:54
otx-6a5e7a9e8b20b763327b0d2d-4358955731,domain,node828765.dwservice.net,c2,high,Threat Intel Hub,block_and_report,True,"source:otx;tlp:white;otx:tag=""groupware"";otx:tag=""trollstealer"";otx:tag=""google drive c2"";otx:tag=""gomir"";otx:tag=""supply-chain"";otx:tag=""gobear"";otx:tag=""drivetroy"";otx:tag=""httpspy"";otx:tag=""south korea"";otx:tag=""birdtroy""",2026-07-21 23:00,2026-07-24 13:54
otx-6a5e7a9e8b20b763327b0d2d-4358955732,domain,node896147.dwservice.net,c2,high,Threat Intel Hub,block_and_report,True,"source:otx;tlp:white;otx:tag=""groupware"";otx:tag=""trollstealer"";otx:tag=""google drive c2"";otx:tag=""gomir"";otx:tag=""supply-chain"";otx:tag=""gobear"";otx:tag=""drivetroy"";otx:tag=""httpspy"";otx:tag=""south korea"";otx:tag=""birdtroy""",2026-07-21 23:00,2026-07-24 13:54
otx-6a5e7a9e8b20b763327b0d2d-4456542249,url,https://auth.samecloud.o-r.kr/index.php,c2,high,Threat Intel Hub,block_and_report,True,"source:otx;tlp:white;otx:tag=""groupware"";otx:tag=""trollstealer"";otx:tag=""google drive c2"";otx:tag=""gomir"";otx:tag=""supply-chain"";otx:tag=""gobear"";otx:tag=""drivetroy"";otx:tag=""httpspy"";otx:tag=""south korea"";otx:tag=""birdtroy""",2026-07-21 23:00,2026-07-24 13:54
otx-6a5e7a9e8b20b763327b0d2d-4456542250,url,https://commit.hanbiro.o-r.kr/index.php,c2,high,Threat Intel Hub,block_and_report,True,"source:otx;tlp:white;otx:tag=""groupware"";otx:tag=""trollstealer"";otx:tag=""google drive c2"";otx:tag=""gomir"";otx:tag=""supply-chain"";otx:tag=""gobear"";otx:tag=""drivetroy"";otx:tag=""httpspy"";otx:tag=""south korea"";otx:tag=""birdtroy""",2026-07-21 23:00,2026-07-24 13:54
otx-6a5dec09c0c4b7d2a00d7b2c-4456404119,url,http://pmcjsuyraw.gu.cc,c2,high,Threat Intel Hub,block_and_report,True,"source:otx;tlp:white;otx:tag=""adaptixc2"";otx:tag=""defense-evasion"";otx:tag=""darkcloud stealer"";otx:tag=""malware-as-a-service"";otx:tag=""formbook"";otx:tag=""winos4.0"";otx:tag=""crypter-service"";otx:tag=""xworm"";otx:tag=""byovd"";otx:tag=""dcrat""",2026-07-20 23:00,2026-07-24 13:54
otx-6a5dec09c0c4b7d2a00d7b2c-4456404120,url,http://qeuasytua.love,c2,high,Threat Intel Hub,block_and_report,True,"source:otx;tlp:white;otx:tag=""adaptixc2"";otx:tag=""defense-evasion"";otx:tag=""darkcloud stealer"";otx:tag=""malware-as-a-service"";otx:tag=""formbook"";otx:tag=""winos4.0"";otx:tag=""crypter-service"";otx:tag=""xworm"";otx:tag=""byovd"";otx:tag=""dcrat""",2026-07-20 23:00,2026-07-24 13:54
otx-6a5dec09c0c4b7d2a00d7b2c-4456404136,domain,jaiydteds.love,c2,high,Threat Intel Hub,block_and_report,True,"source:otx;tlp:white;otx:tag=""adaptixc2"";otx:tag=""defense-evasion"";otx:tag=""darkcloud stealer"";otx:tag=""malware-as-a-service"";otx:tag=""formbook"";otx:tag=""winos4.0"";otx:tag=""crypter-service"";otx:tag=""xworm"";otx:tag=""byovd"";otx:tag=""dcrat""",2026-07-20 23:00,2026-07-24 13:54
otx-6a5dec09c0c4b7d2a00d7b2c-4456404137,domain,kdsuyrse.live,c2,high,Threat Intel Hub,block_and_report,True,"source:otx;tlp:white;otx:tag=""adaptixc2"";otx:tag=""defense-evasion"";otx:tag=""darkcloud stealer"";otx:tag=""malware-as-a-service"";otx:tag=""formbook"";otx:tag=""winos4.0"";otx:tag=""crypter-service"";otx:tag=""xworm"";otx:tag=""byovd"";otx:tag=""dcrat""",2026-07-20 23:00,2026-07-24 13:54
otx-6a5dec09c0c4b7d2a00d7b2c-4456404138,domain,lisiutegrm.live,c2,high,Threat Intel Hub,block_and_report,True,"source:otx;tlp:white;otx:tag=""adaptixc2"";otx:tag=""defense-evasion"";otx:tag=""darkcloud stealer"";otx:tag=""malware-as-a-service"";otx:tag=""formbook"";otx:tag=""winos4.0"";otx:tag=""crypter-service"";otx:tag=""xworm"";otx:tag=""byovd"";otx:tag=""dcrat""",2026-07-20 23:00,2026-07-24 13:54
otx-6a5dec09c0c4b7d2a00d7b2c-4456404139,domain,mksfuuerwo.live,c2,high,Threat Intel Hub,block_and_report,True,"source:otx;tlp:white;otx:tag=""adaptixc2"";otx:tag=""defense-evasion"";otx:tag=""darkcloud stealer"";otx:tag=""malware-as-a-service"";otx:tag=""formbook"";otx:tag=""winos4.0"";otx:tag=""crypter-service"";otx:tag=""xworm"";otx:tag=""byovd"";otx:tag=""dcrat""",2026-07-20 23:00,2026-07-24 13:54
otx-6a5dec09c0c4b7d2a00d7b2c-4456404140,domain,ncduuyese.live,c2,high,Threat Intel Hub,block_and_report,True,"source:otx;tlp:white;otx:tag=""adaptixc2"";otx:tag=""defense-evasion"";otx:tag=""darkcloud stealer"";otx:tag=""malware-as-a-service"";otx:tag=""formbook"";otx:tag=""winos4.0"";otx:tag=""crypter-service"";otx:tag=""xworm"";otx:tag=""byovd"";otx:tag=""dcrat""",2026-07-20 23:00,2026-07-24 13:54
otx-6a5dec09c0c4b7d2a00d7b2c-4456404141,domain,oakwusya.love,c2,high,Threat Intel Hub,block_and_report,True,"source:otx;tlp:white;otx:tag=""adaptixc2"";otx:tag=""defense-evasion"";otx:tag=""darkcloud stealer"";otx:tag=""malware-as-a-service"";otx:tag=""formbook"";otx:tag=""winos4.0"";otx:tag=""crypter-service"";otx:tag=""xworm"";otx:tag=""byovd"";otx:tag=""dcrat""",2026-07-20 23:00,2026-07-24 13:54
otx-6a5e7a9e8b20b763327b0d2d-4456542247,url,http://auth.samecloud.o-r.kr/index.php,c2,high,Threat Intel Hub,block_and_report,True,"source:otx;tlp:white;otx:tag=""groupware"";otx:tag=""trollstealer"";otx:tag=""google drive c2"";otx:tag=""gomir"";otx:tag=""supply-chain"";otx:tag=""gobear"";otx:tag=""drivetroy"";otx:tag=""httpspy"";otx:tag=""south korea"";otx:tag=""birdtroy""",2026-07-21 23:00,2026-07-24 13:54
otx-6a5e7a9e8b20b763327b0d2d-4456542257,domain,oauth.shacloud.o-r.kr,c2,high,Threat Intel Hub,block_and_report,True,"source:otx;tlp:white;otx:tag=""groupware"";otx:tag=""trollstealer"";otx:tag=""google drive c2"";otx:tag=""gomir"";otx:tag=""supply-chain"";otx:tag=""gobear"";otx:tag=""drivetroy"";otx:tag=""httpspy"";otx:tag=""south korea"";otx:tag=""birdtroy""",2026-07-21 23:00,2026-07-24 13:54
otx-6a5e7a9e8b20b763327b0d2d-4456542258,domain,oobe.webjine.o-r.kr,c2,high,Threat Intel Hub,block_and_report,True,"source:otx;tlp:white;otx:tag=""groupware"";otx:tag=""trollstealer"";otx:tag=""google drive c2"";otx:tag=""gomir"";otx:tag=""supply-chain"";otx:tag=""gobear"";otx:tag=""drivetroy"";otx:tag=""httpspy"";otx:tag=""south korea"";otx:tag=""birdtroy""",2026-07-21 23:00,2026-07-24 13:54
otx-6a5e7a9e8b20b763327b0d2d-4456542259,domain,www.ilskdeid.o-r.kr,c2,high,Threat Intel Hub,block_and_report,True,"source:otx;tlp:white;otx:tag=""groupware"";otx:tag=""trollstealer"";otx:tag=""google drive c2"";otx:tag=""gomir"";otx:tag=""supply-chain"";otx:tag=""gobear"";otx:tag=""drivetroy"";otx:tag=""httpspy"";otx:tag=""south korea"";otx:tag=""birdtroy""",2026-07-21 23:00,2026-07-24 13:54
otx-6a5eb7c2617139caf1fe0f2d-3593708354,ip,45.131.66.106,network_activity,high,Threat Intel Hub,block_and_report,True,"source:otx;tlp:white;otx:tag=""jadepuffer"";otx:tag=""ai infrastructure"";otx:tag=""cve-2025-3248"";otx:tag=""autonomous threat"";otx:tag=""langflow"";otx:tag=""container escape"";otx:tag=""encforge"";otx:tag=""machine learning"";otx:tag=""ransomware""",2026-07-21 23:00,2026-07-24 13:54
de74400aed36f5ba4bc32456b19355c5bf5b787a71608bb6edffdd831181d6ac,ip,45.137.205.53,c2,high,Threat Intel Hub,block_and_report,True,"source:otx;tlp:white;otx:tag=""modular c2 framework"";otx:tag=""rmm abuse"";otx:tag=""sysaid"";otx:tag=""supply-chain compromise"";otx:tag=""iran"";otx:tag=""nativeaot compilation"";otx:tag=""mois"";otx:tag=""dll sideloading"";dns_resolved_from:google.com.hospitalinstallation.com",2026-07-24 13:54,2026-07-24 13:54
edce171fcd74d639a6b0352c18437e000585a0321634a41d2c9f6c5ffe2a501b,ip,104.21.57.117,phishing,high,Threat Intel Hub,block_and_report,True,"source:otx;tlp:white;otx:tag=""clickfix"";otx:tag=""fake captcha"";otx:tag=""phishing campaign"";otx:tag=""harbor sentinel"";whoisxml:enriched;dns_resolved_from:amazonattention.com",2026-07-24 13:54,2026-07-24 13:54
1bee2a8541c8fd9f0c80d8032257bf23b4433d689a009db87148f91aa46db82d,ip,172.67.190.89,phishing,high,Threat Intel Hub,block_and_report,True,"source:otx;tlp:white;otx:tag=""clickfix"";otx:tag=""fake captcha"";otx:tag=""phishing campaign"";otx:tag=""harbor sentinel"";whoisxml:enriched;dns_resolved_from:amazonattention.com",2026-07-24 13:54,2026-07-24 13:54
6340f94356a3ed1239c79454038c477c8bf5c215a11d56e25d1226ff2516e48e,ip,2.25.69.49,phishing,high,Threat Intel Hub,block_and_report,True,"source:otx;tlp:white;otx:tag=""ransomware"";otx:tag=""credential theft"";otx:tag=""lateral movement"";otx:tag=""avalon"";otx:tag=""defense evasion"";otx:tag=""phishing"";otx:tag=""crownx"";otx:tag=""ai-assisted development"";whoisxml:enriched;dns_resolved_from:helloxcherry.com",2026-07-24 13:54,2026-07-24 13:54
9342990a56902d2cde99726975c33cd054c7316b589fa84be3970de0a2132d19,ip,65.109.197.222,c2,high,Threat Intel Hub,block_and_report,True,"source:otx;tlp:white;otx:tag=""modular c2 framework"";otx:tag=""rmm abuse"";otx:tag=""sysaid"";otx:tag=""supply-chain compromise"";otx:tag=""iran"";otx:tag=""nativeaot compilation"";otx:tag=""mois"";otx:tag=""dll sideloading"";whoisxml:enriched;whoisxml:threat=""malware"";dns_resolved_from:adserviceupdate.com",2026-07-24 13:54,2026-07-24 13:54
78da5c1cd22060afaf62ff0166d97eb4f5200bbd374773eabf6076f9880423e3,ip,104.251.55.114,network_activity,high,Threat Intel Hub,block_and_report,True,"source:otx;tlp:white;otx:tag=""gamshen"";otx:tag=""plugx"";otx:tag=""meterpreter"";otx:tag=""cobalt strike"";otx:tag=""ghostkit"";otx:tag=""efspotato"";otx:tag=""timestomping"";dns_resolved_from:ashx.lhlsjcb.com",2026-07-24 13:54,2026-07-24 13:54
6507220d6776a271202db4f2eff14b314945d657db65ffb9c0ae67ba5026401f,ip,45.137.205.53,c2,high,Threat Intel Hub,block_and_report,True,"source:otx;tlp:white;otx:tag=""modular c2 framework"";otx:tag=""rmm abuse"";otx:tag=""sysaid"";otx:tag=""supply-chain compromise"";otx:tag=""iran"";otx:tag=""nativeaot compilation"";otx:tag=""mois"";otx:tag=""dll sideloading"";dns_resolved_from:auth.hospitalinstallation.com",2026-07-24 13:54,2026-07-24 13:54
2d0c3de4894a6d8c1860684b5ba8dbcda957532d780d5d83cf66298bc37ec6ba,ip,63.118.85.249,network_activity,high,Threat Intel Hub,block_and_report,True,"source:otx;tlp:white;otx:tag=""chisel"";otx:tag=""web shell"";otx:tag=""asp.net web shell"";otx:tag=""cloudflare tunnel"";otx:tag=""it services"";otx:tag=""credential dumping"";otx:tag=""revsocks"";otx:tag=""south asia"";otx:tag=""rust-based ransomware"";otx:tag=""spirals"";dns_resolved_from:beta.padmin.com",2026-07-24 13:54,2026-07-24 13:54
29f974a43f1b78f7d9f777034ca1adec0f5c94d04b84b0428d8e3622081744d7,ip,104.21.74.212,network_activity,high,Threat Intel Hub,block_and_report,True,"source:otx;tlp:white;otx:tag=""chisel"";otx:tag=""web shell"";otx:tag=""asp.net web shell"";otx:tag=""cloudflare tunnel"";otx:tag=""it services"";otx:tag=""credential dumping"";otx:tag=""revsocks"";otx:tag=""south asia"";otx:tag=""rust-based ransomware"";otx:tag=""spirals"";dns_resolved_from:computer.kplus.com",2026-07-24 13:54,2026-07-24 13:54
bdbb2ff1abec8d22c1e48e4ca499c6e7ad8d7763b0868d86695d1d1482911074,ip,172.67.206.120,network_activity,high,Threat Intel Hub,block_and_report,True,"source:otx;tlp:white;otx:tag=""chisel"";otx:tag=""web shell"";otx:tag=""asp.net web shell"";otx:tag=""cloudflare tunnel"";otx:tag=""it services"";otx:tag=""credential dumping"";otx:tag=""revsocks"";otx:tag=""south asia"";otx:tag=""rust-based ransomware"";otx:tag=""spirals"";dns_resolved_from:computer.kplus.com",2026-07-24 13:54,2026-07-24 13:54
4a155078738c51293b82174c46e2f184388d31154a1f55607bb065a68c5e585b,ip,162.241.2.30,network_activity,high,Threat Intel Hub,block_and_report,True,"source:otx;tlp:white;otx:tag=""dragonforce"";otx:tag=""dll side-loading"";otx:tag=""ransomware"";otx:tag=""byovd"";otx:tag=""cve-2023-52271"";otx:tag=""cve-2025-61155"";otx:tag=""cve-2025-1055"";otx:tag=""turn relay"";otx:tag=""credential theft"";otx:tag=""vulnerable drivers"";dns_resolved_from:comunidadesparentais.com.br",2026-07-24 13:54,2026-07-24 13:54
8af7e359c6f34098f14e2d24ce579a540cd88a3cbe94949035fb2f6db1daaef1,ip,185.243.11.51,network_activity,high,Threat Intel Hub,block_and_report,True,"source:otx;tlp:white;otx:tag=""dragonforce"";otx:tag=""dll side-loading"";otx:tag=""ransomware"";otx:tag=""byovd"";otx:tag=""cve-2023-52271"";otx:tag=""cve-2025-61155"";otx:tag=""cve-2025-1055"";otx:tag=""turn relay"";otx:tag=""credential theft"";otx:tag=""vulnerable drivers"";dns_resolved_from:glanz-gmbh.de",2026-07-24 13:54,2026-07-24 13:54
a2591aa6c0721f479b049b3d32aaddd0bcb4eca0a355c1ddb69949e0d3b8032e,ip,75.98.162.139,network_activity,high,Threat Intel Hub,block_and_report,True,"source:otx;tlp:white;otx:tag=""dragonforce"";otx:tag=""dll side-loading"";otx:tag=""ransomware"";otx:tag=""byovd"";otx:tag=""cve-2023-52271"";otx:tag=""cve-2025-61155"";otx:tag=""cve-2025-1055"";otx:tag=""turn relay"";otx:tag=""credential theft"";otx:tag=""vulnerable drivers"";dns_resolved_from:mysimerp.net",2026-07-24 13:54,2026-07-24 13:54
11ea80d0ea27dfd58ad7636e65c33f7301d8aa5dcb7d72870ec9b0f066dea749,ip,177.73.233.244,network_activity,high,Threat Intel Hub,block_and_report,True,"source:otx;tlp:white;otx:tag=""dragonforce"";otx:tag=""dll side-loading"";otx:tag=""ransomware"";otx:tag=""byovd"";otx:tag=""cve-2023-52271"";otx:tag=""cve-2025-61155"";otx:tag=""cve-2025-1055"";otx:tag=""turn relay"";otx:tag=""credential theft"";otx:tag=""vulnerable drivers"";dns_resolved_from:projetosmecanicos.com.br",2026-07-24 13:54,2026-07-24 13:54
5655e8aea0302b811e9df0d5d31f7730c76ed08a5d53358318b4e27e8feaa7b7,ip,173.212.234.74,network_activity,high,Threat Intel Hub,block_and_report,True,"source:otx;tlp:white;otx:tag=""dragonforce"";otx:tag=""dll side-loading"";otx:tag=""ransomware"";otx:tag=""byovd"";otx:tag=""cve-2023-52271"";otx:tag=""cve-2025-61155"";otx:tag=""cve-2025-1055"";otx:tag=""turn relay"";otx:tag=""credential theft"";otx:tag=""vulnerable drivers"";dns_resolved_from:safefire.jo",2026-07-24 13:54,2026-07-24 13:54
05ee92e653ef65d192199c97c11454cd0ddf72152277a41d89db91a515ee7624,ip,35.214.137.246,network_activity,high,Threat Intel Hub,block_and_report,True,"source:otx;tlp:white;otx:tag=""dragonforce"";otx:tag=""dll side-loading"";otx:tag=""ransomware"";otx:tag=""byovd"";otx:tag=""cve-2023-52271"";otx:tag=""cve-2025-61155"";otx:tag=""cve-2025-1055"";otx:tag=""turn relay"";otx:tag=""credential theft"";otx:tag=""vulnerable drivers"";dns_resolved_from:socialbizsolutions.com",2026-07-24 13:54,2026-07-24 13:54
636b001bb10287658fdbc39d746fea0cd373362c37f1ed36892fd78da880f144,ip,75.98.162.139,network_activity,high,Threat Intel Hub,block_and_report,True,"source:otx;tlp:white;otx:tag=""dragonforce"";otx:tag=""dll side-loading"";otx:tag=""ransomware"";otx:tag=""byovd"";otx:tag=""cve-2023-52271"";otx:tag=""cve-2025-61155"";otx:tag=""cve-2025-1055"";otx:tag=""turn relay"";otx:tag=""credential theft"";otx:tag=""vulnerable drivers"";dns_resolved_from:turnkeyaiagents.com",2026-07-24 13:54,2026-07-24 13:54
bdda1e5e5000205ec2e320281ed962978d28682e15637bdd7d1c97f77d6beebb,ip,185.117.72.215,c2,high,Threat Intel Hub,block_and_report,True,"source:otx;tlp:white;otx:tag=""rmmproject"";otx:tag=""blockchain c2"";otx:tag=""chisel"";otx:tag=""etherrat"";otx:tag=""credential theft"";otx:tag=""clickfix"";otx:tag=""dga"";otx:tag=""lateral movement"";otx:tag=""hidden desktop"";otx:tag=""potemkin"";dns_resolved_from:resumeacceptable.com",2026-07-24 13:54,2026-07-24 13:54
f7431a7ea67cd93791bee5b31bb26a4ad033103abb40bd0c6c1cb8ea9c64ca02,ip,172.67.140.235,c2,high,Threat Intel Hub,block_and_report,True,"source:otx;tlp:white;otx:tag=""glasswasm"";otx:tag=""cryptocurrency targeting"";otx:tag=""dead-drop c2"";otx:tag=""webassembly"";otx:tag=""chacha20 encryption"";otx:tag=""supply chain"";otx:tag=""tinygo"";otx:tag=""vs code extensions"";otx:tag=""open vsx"";otx:tag=""solana blockchain"";dns_resolved_from:dodod.lat",2026-07-24 13:54,2026-07-24 13:54
c7ab4dca415bd7fbbb4805e0f081888407609e58d6028684e551521965327f33,ip,104.21.79.27,c2,high,Threat Intel Hub,block_and_report,True,"source:otx;tlp:white;otx:tag=""glasswasm"";otx:tag=""cryptocurrency targeting"";otx:tag=""dead-drop c2"";otx:tag=""webassembly"";otx:tag=""chacha20 encryption"";otx:tag=""supply chain"";otx:tag=""tinygo"";otx:tag=""vs code extensions"";otx:tag=""open vsx"";otx:tag=""solana blockchain"";dns_resolved_from:dodod.lat",2026-07-24 13:54,2026-07-24 13:54
33629d3927c827c5a1c67ba81affe0b90e0b9529052227cbf37a8bdc38565081,ip,172.67.161.227,c2,high,Threat Intel Hub,block_and_report,True,"source:otx;tlp:white;otx:tag=""blockchain c2"";otx:tag=""webdav"";otx:tag=""steganography"";otx:tag=""amatera stealer"";otx:tag=""clickfix"";otx:tag=""acr stealer"";dns_resolved_from:looksta.icu",2026-07-24 13:54,2026-07-24 13:54
58f389b70dee30bc6285eaf3932b9067a4186680739fbfead310d4180763fbed,ip,104.21.33.112,c2,high,Threat Intel Hub,block_and_report,True,"source:otx;tlp:white;otx:tag=""blockchain c2"";otx:tag=""webdav"";otx:tag=""steganography"";otx:tag=""amatera stealer"";otx:tag=""clickfix"";otx:tag=""acr stealer"";dns_resolved_from:looksta.icu",2026-07-24 13:54,2026-07-24 13:54
2bbd179d9e5356da0350f0c701761eba56044fb057f3f437978d5644750786c0,ip,104.21.61.3,c2,high,Threat Intel Hub,block_and_report,True,"source:otx;tlp:white;otx:tag=""darkcloud"";otx:tag=""vidar"";otx:tag=""email campaign"";otx:tag=""acrstealer"";otx:tag=""clickfix"";otx:tag=""seo poisoning"";otx:tag=""amos"";otx:tag=""credential theft"";otx:tag=""blockchain c2"";otx:tag=""agenttesla"";dns_resolved_from:bduwih8.pro",2026-07-24 13:54,2026-07-24 13:54
f61ea93b9aa7319949baeff9bfeb135041eabcf9dc4d5592c5ec57840891e64a,ip,172.67.204.80,c2,high,Threat Intel Hub,block_and_report,True,"source:otx;tlp:white;otx:tag=""darkcloud"";otx:tag=""vidar"";otx:tag=""email campaign"";otx:tag=""acrstealer"";otx:tag=""clickfix"";otx:tag=""seo poisoning"";otx:tag=""amos"";otx:tag=""credential theft"";otx:tag=""blockchain c2"";otx:tag=""agenttesla"";dns_resolved_from:bduwih8.pro",2026-07-24 13:54,2026-07-24 13:54
c1e36c99e048843f5f5ee8b5f8468c1969e0f94161429615779a4d9463b52299,ip,104.21.25.179,c2,high,Threat Intel Hub,block_and_report,True,"source:otx;tlp:white;otx:tag=""darkcloud"";otx:tag=""vidar"";otx:tag=""email campaign"";otx:tag=""acrstealer"";otx:tag=""clickfix"";otx:tag=""seo poisoning"";otx:tag=""amos"";otx:tag=""credential theft"";otx:tag=""blockchain c2"";otx:tag=""agenttesla"";dns_resolved_from:johncon.my",2026-07-24 13:54,2026-07-24 13:54
0165c927068fd81a5da9037de786cf97135992deb264f07c0c247368902bf89c,ip,172.67.134.113,c2,high,Threat Intel Hub,block_and_report,True,"source:otx;tlp:white;otx:tag=""darkcloud"";otx:tag=""vidar"";otx:tag=""email campaign"";otx:tag=""acrstealer"";otx:tag=""clickfix"";otx:tag=""seo poisoning"";otx:tag=""amos"";otx:tag=""credential theft"";otx:tag=""blockchain c2"";otx:tag=""agenttesla"";dns_resolved_from:johncon.my",2026-07-24 13:54,2026-07-24 13:54
2945b16728e5dc304dceee4ae01e505db9be4af68dcd76e8966c868fe201e918,ip,172.67.198.116,c2,high,Threat Intel Hub,block_and_report,True,"source:otx;tlp:white;otx:tag=""blockchain c2"";otx:tag=""webdav"";otx:tag=""steganography"";otx:tag=""amatera stealer"";otx:tag=""clickfix"";otx:tag=""acr stealer"";dns_resolved_from:proton-network.com",2026-07-24 13:54,2026-07-24 13:54
b3ef30ec02cb062acd5a038561a3fbeee01dc90d976ffe7a5ed24f0d1589862f,ip,104.21.68.204,c2,high,Threat Intel Hub,block_and_report,True,"source:otx;tlp:white;otx:tag=""blockchain c2"";otx:tag=""webdav"";otx:tag=""steganography"";otx:tag=""amatera stealer"";otx:tag=""clickfix"";otx:tag=""acr stealer"";dns_resolved_from:proton-network.com",2026-07-24 13:54,2026-07-24 13:54
c53a3bf306ffe14d107756de9d7a82e65763dd3613729e847a822cf7d999b60b,ip,104.21.56.49,c2,high,Threat Intel Hub,block_and_report,True,"source:otx;tlp:white;otx:tag=""blockchain c2"";otx:tag=""webdav"";otx:tag=""steganography"";otx:tag=""amatera stealer"";otx:tag=""clickfix"";otx:tag=""acr stealer"";dns_resolved_from:enhanceblabber.cc",2026-07-24 13:54,2026-07-24 13:54
19fcd7b5828d9a0fdfc6be1ac3367b1c178d4c82d920f4aee9d935b18be0721a,ip,172.67.177.145,c2,high,Threat Intel Hub,block_and_report,True,"source:otx;tlp:white;otx:tag=""blockchain c2"";otx:tag=""webdav"";otx:tag=""steganography"";otx:tag=""amatera stealer"";otx:tag=""clickfix"";otx:tag=""acr stealer"";dns_resolved_from:enhanceblabber.cc",2026-07-24 13:54,2026-07-24 13:54
e06a90e98f6ec61de42dcc0edd482e61ca21a9a4302613b2be9a2b5ec0092613,ip,104.21.60.213,c2,high,Threat Intel Hub,block_and_report,True,"source:otx;tlp:white;otx:tag=""blockchain c2"";otx:tag=""webdav"";otx:tag=""steganography"";otx:tag=""amatera stealer"";otx:tag=""clickfix"";otx:tag=""acr stealer"";dns_resolved_from:prism-matrixs.com",2026-07-24 13:54,2026-07-24 13:54
ed841be753b36bc8dd2f64bc448fcaeb1a6560309970b84b03638cd0f1fc92a1,ip,172.67.201.201,c2,high,Threat Intel Hub,block_and_report,True,"source:otx;tlp:white;otx:tag=""blockchain c2"";otx:tag=""webdav"";otx:tag=""steganography"";otx:tag=""amatera stealer"";otx:tag=""clickfix"";otx:tag=""acr stealer"";dns_resolved_from:prism-matrixs.com",2026-07-24 13:54,2026-07-24 13:54
5181bbb07ddb71eaf3e9c96890c3366bb4357031e9de236fce0f8e4a31672bcf,ip,104.21.44.89,c2,high,Threat Intel Hub,block_and_report,True,"source:otx;tlp:white;otx:tag=""blockchain c2"";otx:tag=""webdav"";otx:tag=""steganography"";otx:tag=""amatera stealer"";otx:tag=""clickfix"";otx:tag=""acr stealer"";dns_resolved_from:contrite.quirksturdy.icu",2026-07-24 13:54,2026-07-24 13:54
ea2dad09073007d4c659a8069b09185dd8d024f4264a41ad7b29ee37a13b0839,ip,172.67.198.57,c2,high,Threat Intel Hub,block_and_report,True,"source:otx;tlp:white;otx:tag=""blockchain c2"";otx:tag=""webdav"";otx:tag=""steganography"";otx:tag=""amatera stealer"";otx:tag=""clickfix"";otx:tag=""acr stealer"";dns_resolved_from:contrite.quirksturdy.icu",2026-07-24 13:54,2026-07-24 13:54
dbbf3c7bca2ca36da538598f12b9e62308edd58806655e895b5480bb2138bfc4,ip,172.67.144.214,c2,high,Threat Intel Hub,block_and_report,True,"source:otx;tlp:white;otx:tag=""blockchain c2"";otx:tag=""webdav"";otx:tag=""steganography"";otx:tag=""amatera stealer"";otx:tag=""clickfix"";otx:tag=""acr stealer"";dns_resolved_from:cpppemwjewjoiwejow.sale",2026-07-24 13:54,2026-07-24 13:54
1ccba1f09cbf1377f544658f1d3f3ec86a98a214ff65836852987d5763b2da28,ip,104.21.55.54,c2,high,Threat Intel Hub,block_and_report,True,"source:otx;tlp:white;otx:tag=""blockchain c2"";otx:tag=""webdav"";otx:tag=""steganography"";otx:tag=""amatera stealer"";otx:tag=""clickfix"";otx:tag=""acr stealer"";dns_resolved_from:cpppemwjewjoiwejow.sale",2026-07-24 13:54,2026-07-24 13:54
5d3bff4d2b5db6440f71251f0b30a7678ef4d85759fd5fc43abf2b304fd5b22b,ip,104.21.73.251,network_activity,high,Threat Intel Hub,block_and_report,True,"source:otx;tlp:white;otx:tag=""banana rat"";otx:tag=""fake captcha"";otx:tag=""smartrat"";otx:tag=""powershell"";otx:tag=""typosquatting"";otx:tag=""ghostloader"";otx:tag=""brazil"";otx:tag=""clickfix"";otx:tag=""qr code interception"";otx:tag=""banking trojan"";dns_resolved_from:windowsupdate-cdn.com",2026-07-24 13:54,2026-07-24 13:54
29896e2c623d9f5b8cf3e7e05498534148a6b178c17ab2524fd28473737e6ab9,ip,172.67.151.208,network_activity,high,Threat Intel Hub,block_and_report,True,"source:otx;tlp:white;otx:tag=""banana rat"";otx:tag=""fake captcha"";otx:tag=""smartrat"";otx:tag=""powershell"";otx:tag=""typosquatting"";otx:tag=""ghostloader"";otx:tag=""brazil"";otx:tag=""clickfix"";otx:tag=""qr code interception"";otx:tag=""banking trojan"";dns_resolved_from:windowsupdate-cdn.com",2026-07-24 13:54,2026-07-24 13:54
7fbed96f1e0c8e647601d1aebd01733a0e79f9aeeb8e9187618ace66106d11cc,ip,162.141.111.227,network_activity,high,Threat Intel Hub,block_and_report,True,"source:otx;tlp:white;otx:tag=""banana rat"";otx:tag=""fake captcha"";otx:tag=""smartrat"";otx:tag=""powershell"";otx:tag=""typosquatting"";otx:tag=""ghostloader"";otx:tag=""brazil"";otx:tag=""clickfix"";otx:tag=""qr code interception"";otx:tag=""banking trojan"";dns_resolved_from:c.windowsupdate-cdn.com",2026-07-24 13:54,2026-07-24 13:54
def97e85442cff729dcdb8b2f453453b00a9c150068507ad18d21ba9f1367743,ip,189.125.201.196,network_activity,high,Threat Intel Hub,block_and_report,True,"source:otx;tlp:white;otx:tag=""banana rat"";otx:tag=""fake captcha"";otx:tag=""smartrat"";otx:tag=""powershell"";otx:tag=""typosquatting"";otx:tag=""ghostloader"";otx:tag=""brazil"";otx:tag=""clickfix"";otx:tag=""qr code interception"";otx:tag=""banking trojan"";dns_resolved_from:cartaobrb.com.br",2026-07-24 13:54,2026-07-24 13:54
c2db0fc898e69eba0bd89d172bf52e22749706973b6a66335874ae4a6a7a8d35,ip,185.230.63.186,network_activity,high,Threat Intel Hub,block_and_report,True,"source:otx;tlp:white;otx:tag=""banana rat"";otx:tag=""fake captcha"";otx:tag=""smartrat"";otx:tag=""powershell"";otx:tag=""typosquatting"";otx:tag=""ghostloader"";otx:tag=""brazil"";otx:tag=""clickfix"";otx:tag=""qr code interception"";otx:tag=""banking trojan"";dns_resolved_from:vfsgloball.net",2026-07-24 13:54,2026-07-24 13:54
cb9356c56ce271d8bb909a6edf380842e083f173024b7920b0ce5daf97eee3c1,ip,185.230.63.171,network_activity,high,Threat Intel Hub,block_and_report,True,"source:otx;tlp:white;otx:tag=""banana rat"";otx:tag=""fake captcha"";otx:tag=""smartrat"";otx:tag=""powershell"";otx:tag=""typosquatting"";otx:tag=""ghostloader"";otx:tag=""brazil"";otx:tag=""clickfix"";otx:tag=""qr code interception"";otx:tag=""banking trojan"";dns_resolved_from:vfsgloball.net",2026-07-24 13:54,2026-07-24 13:54
ec188728e537f034da09689ba1237982cea187d1a196d5b00e3073f6fc1174f5,ip,185.230.63.107,network_activity,high,Threat Intel Hub,block_and_report,True,"source:otx;tlp:white;otx:tag=""banana rat"";otx:tag=""fake captcha"";otx:tag=""smartrat"";otx:tag=""powershell"";otx:tag=""typosquatting"";otx:tag=""ghostloader"";otx:tag=""brazil"";otx:tag=""clickfix"";otx:tag=""qr code interception"";otx:tag=""banking trojan"";dns_resolved_from:vfsgloball.net",2026-07-24 13:54,2026-07-24 13:54
7d584cc96c45c91faaf659667abfee4b8bd941b48127a3ad17c41865c0553a87,ip,18.216.200.48,c2,high,Threat Intel Hub,block_and_report,True,"source:otx;tlp:white;otx:tag=""adaptixc2"";otx:tag=""defense-evasion"";otx:tag=""darkcloud stealer"";otx:tag=""malware-as-a-service"";otx:tag=""formbook"";otx:tag=""winos4.0"";otx:tag=""crypter-service"";otx:tag=""xworm"";otx:tag=""byovd"";otx:tag=""dcrat"";dns_resolved_from:gatuso.duckdns.org",2026-07-24 13:54,2026-07-24 13:54
c01cb2c92d43c85f2281ff10870cfeb7ddc9f321f7312abe8d6cf6d42921d7f5,ip,172.67.172.146,c2,high,Threat Intel Hub,block_and_report,True,"source:otx;tlp:white;otx:tag=""blockchain c2"";otx:tag=""webdav"";otx:tag=""steganography"";otx:tag=""amatera stealer"";otx:tag=""clickfix"";otx:tag=""acr stealer"";dns_resolved_from:deep-harborio.com",2026-07-24 13:54,2026-07-24 13:54
cd154c487b2aec7f53607acc40ce9236b9202237e4370c7b9b948a1c4531b9fa,ip,104.21.80.11,c2,high,Threat Intel Hub,block_and_report,True,"source:otx;tlp:white;otx:tag=""blockchain c2"";otx:tag=""webdav"";otx:tag=""steganography"";otx:tag=""amatera stealer"";otx:tag=""clickfix"";otx:tag=""acr stealer"";dns_resolved_from:deep-harborio.com",2026-07-24 13:54,2026-07-24 13:54
1fe455eab6f96a7a2b7c052060b75d24a096cf10881056976c280a63beb756c7,ip,104.21.67.11,c2,high,Threat Intel Hub,block_and_report,True,"source:otx;tlp:white;otx:tag=""blockchain c2"";otx:tag=""webdav"";otx:tag=""steganography"";otx:tag=""amatera stealer"";otx:tag=""clickfix"";otx:tag=""acr stealer"";dns_resolved_from:zealpraxis.com",2026-07-24 13:54,2026-07-24 13:54
3a6387634af6614d294a20b722c4afd6600dee60b9a6f4db978683faafdcd54f,ip,172.67.210.254,c2,high,Threat Intel Hub,block_and_report,True,"source:otx;tlp:white;otx:tag=""blockchain c2"";otx:tag=""webdav"";otx:tag=""steganography"";otx:tag=""amatera stealer"";otx:tag=""clickfix"";otx:tag=""acr stealer"";dns_resolved_from:zealpraxis.com",2026-07-24 13:54,2026-07-24 13:54
9749642da7ee4f27854414cce0b9f5618a5832250aa078948c1ea5de9ec33c48,ip,104.21.13.107,c2,high,Threat Intel Hub,block_and_report,True,"source:otx;tlp:white;otx:tag=""blockchain c2"";otx:tag=""webdav"";otx:tag=""steganography"";otx:tag=""amatera stealer"";otx:tag=""clickfix"";otx:tag=""acr stealer"";dns_resolved_from:prism-vertex.com",2026-07-24 13:54,2026-07-24 13:54
6dbf61a8e667df126f4c073475ca0763270d8ba81428bae4098623c8fd979da3,ip,172.67.199.214,c2,high,Threat Intel Hub,block_and_report,True,"source:otx;tlp:white;otx:tag=""blockchain c2"";otx:tag=""webdav"";otx:tag=""steganography"";otx:tag=""amatera stealer"";otx:tag=""clickfix"";otx:tag=""acr stealer"";dns_resolved_from:prism-vertex.com",2026-07-24 13:54,2026-07-24 13:54
b61db34f9481999d1085bd34d7393fefb09399f22e919c19ef9a7327bee4e995,ip,45.11.37.254,c2,high,Threat Intel Hub,block_and_report,True,"source:otx;tlp:white;otx:tag=""tailscale"";otx:tag=""rustdesk"";otx:tag=""poisson"";otx:tag=""credential-theft"";otx:tag=""france"";otx:tag=""keylogger"";otx:tag=""fileless-attack"";otx:tag=""openssh"";otx:tag=""havoc"";otx:tag=""havoc-c2"";dns_resolved_from:pois43.s3.eu-central-003.backblazeb2.com",2026-07-24 13:54,2026-07-24 13:54
e8da171de9dc9318713b913b4292c198380393a6d78fecf41058d365d9a85aef,ip,45.11.38.254,c2,high,Threat Intel Hub,block_and_report,True,"source:otx;tlp:white;otx:tag=""tailscale"";otx:tag=""rustdesk"";otx:tag=""poisson"";otx:tag=""credential-theft"";otx:tag=""france"";otx:tag=""keylogger"";otx:tag=""fileless-attack"";otx:tag=""openssh"";otx:tag=""havoc"";otx:tag=""havoc-c2"";dns_resolved_from:pois43.s3.eu-central-003.backblazeb2.com",2026-07-24 13:54,2026-07-24 13:54
634c85ae64de500fafd5e0f1596864a3bdcc57a600d86e3c5e4f8336e66ebb8e,ip,45.11.36.254,c2,high,Threat Intel Hub,block_and_report,True,"source:otx;tlp:white;otx:tag=""tailscale"";otx:tag=""rustdesk"";otx:tag=""poisson"";otx:tag=""credential-theft"";otx:tag=""france"";otx:tag=""keylogger"";otx:tag=""fileless-attack"";otx:tag=""openssh"";otx:tag=""havoc"";otx:tag=""havoc-c2"";dns_resolved_from:pois43.s3.eu-central-003.backblazeb2.com",2026-07-24 13:54,2026-07-24 13:54
772b4f95328b5fb131d6dcbd5f1430d01ba6a8d7158bcb6efbc4d887cfd65031,ip,45.11.39.254,c2,high,Threat Intel Hub,block_and_report,True,"source:otx;tlp:white;otx:tag=""tailscale"";otx:tag=""rustdesk"";otx:tag=""poisson"";otx:tag=""credential-theft"";otx:tag=""france"";otx:tag=""keylogger"";otx:tag=""fileless-attack"";otx:tag=""openssh"";otx:tag=""havoc"";otx:tag=""havoc-c2"";dns_resolved_from:pois43.s3.eu-central-003.backblazeb2.com",2026-07-24 13:54,2026-07-24 13:54
2898cbdc4ba2d101d4e2a774e83ca6ceeee1ffc9b6a3ca44d6c88f9fba205ad2,ip,45.11.39.254,c2,high,Threat Intel Hub,block_and_report,True,"source:otx;tlp:white;otx:tag=""tailscale"";otx:tag=""rustdesk"";otx:tag=""poisson"";otx:tag=""credential-theft"";otx:tag=""france"";otx:tag=""keylogger"";otx:tag=""fileless-attack"";otx:tag=""openssh"";otx:tag=""havoc"";otx:tag=""havoc-c2"";dns_resolved_from:sentiwaw.s3.eu-central-003.backblazeb2.com",2026-07-24 13:54,2026-07-24 13:54
c6bf878b9bbc2678bef50a8242a2c15e9b67837ccdf752eba7518405a1edf020,ip,45.11.38.254,c2,high,Threat Intel Hub,block_and_report,True,"source:otx;tlp:white;otx:tag=""tailscale"";otx:tag=""rustdesk"";otx:tag=""poisson"";otx:tag=""credential-theft"";otx:tag=""france"";otx:tag=""keylogger"";otx:tag=""fileless-attack"";otx:tag=""openssh"";otx:tag=""havoc"";otx:tag=""havoc-c2"";dns_resolved_from:sentiwaw.s3.eu-central-003.backblazeb2.com",2026-07-24 13:54,2026-07-24 13:54
b9eb21aebc1371c0fd2e7c1bdc4aff55e8a161fbf40bfcc5a7065b25e3c5640f,ip,45.11.37.254,c2,high,Threat Intel Hub,block_and_report,True,"source:otx;tlp:white;otx:tag=""tailscale"";otx:tag=""rustdesk"";otx:tag=""poisson"";otx:tag=""credential-theft"";otx:tag=""france"";otx:tag=""keylogger"";otx:tag=""fileless-attack"";otx:tag=""openssh"";otx:tag=""havoc"";otx:tag=""havoc-c2"";dns_resolved_from:sentiwaw.s3.eu-central-003.backblazeb2.com",2026-07-24 13:54,2026-07-24 13:54
811aa76bac45507fdc438cb4ba676f05eae23073875c9be8aeea86f54d2e4cec,ip,45.11.36.254,c2,high,Threat Intel Hub,block_and_report,True,"source:otx;tlp:white;otx:tag=""tailscale"";otx:tag=""rustdesk"";otx:tag=""poisson"";otx:tag=""credential-theft"";otx:tag=""france"";otx:tag=""keylogger"";otx:tag=""fileless-attack"";otx:tag=""openssh"";otx:tag=""havoc"";otx:tag=""havoc-c2"";dns_resolved_from:sentiwaw.s3.eu-central-003.backblazeb2.com",2026-07-24 13:54,2026-07-24 13:54
e1ab6a4ddbcde90ce6060aec116521d4b99a9402e2b7e23ff04b33211fb95d76,ip,45.11.37.254,c2,high,Threat Intel Hub,block_and_report,True,"source:otx;tlp:white;otx:tag=""tailscale"";otx:tag=""rustdesk"";otx:tag=""poisson"";otx:tag=""credential-theft"";otx:tag=""france"";otx:tag=""keylogger"";otx:tag=""fileless-attack"";otx:tag=""openssh"";otx:tag=""havoc"";otx:tag=""havoc-c2"";dns_resolved_from:w456w5.s3.eu-central-003.backblazeb2.com",2026-07-24 13:54,2026-07-24 13:54
1ec17ae64cdba57be3d1c875446784ef3c7858da675c8b38981246357adf7723,ip,45.11.38.254,c2,high,Threat Intel Hub,block_and_report,True,"source:otx;tlp:white;otx:tag=""tailscale"";otx:tag=""rustdesk"";otx:tag=""poisson"";otx:tag=""credential-theft"";otx:tag=""france"";otx:tag=""keylogger"";otx:tag=""fileless-attack"";otx:tag=""openssh"";otx:tag=""havoc"";otx:tag=""havoc-c2"";dns_resolved_from:w456w5.s3.eu-central-003.backblazeb2.com",2026-07-24 13:54,2026-07-24 13:54
3c079b9438c3aa8e9d9b2aff2d954a7a164f257ed4486d763a9310cce4ae115e,ip,45.11.39.254,c2,high,Threat Intel Hub,block_and_report,True,"source:otx;tlp:white;otx:tag=""tailscale"";otx:tag=""rustdesk"";otx:tag=""poisson"";otx:tag=""credential-theft"";otx:tag=""france"";otx:tag=""keylogger"";otx:tag=""fileless-attack"";otx:tag=""openssh"";otx:tag=""havoc"";otx:tag=""havoc-c2"";dns_resolved_from:w456w5.s3.eu-central-003.backblazeb2.com",2026-07-24 13:54,2026-07-24 13:54
1f9508944379e2782570aefd4ee37c2e564b388f02eb7c36c25960657110ccda,ip,45.11.36.254,c2,high,Threat Intel Hub,block_and_report,True,"source:otx;tlp:white;otx:tag=""tailscale"";otx:tag=""rustdesk"";otx:tag=""poisson"";otx:tag=""credential-theft"";otx:tag=""france"";otx:tag=""keylogger"";otx:tag=""fileless-attack"";otx:tag=""openssh"";otx:tag=""havoc"";otx:tag=""havoc-c2"";dns_resolved_from:w456w5.s3.eu-central-003.backblazeb2.com",2026-07-24 13:54,2026-07-24 13:54
22a1a8c56651975dc09c7ad56f24bc3fceb72b583de91f7fdbda2fdcbc423c34,ip,186.169.63.174,network_activity,high,Threat Intel Hub,block_and_report,True,"source:otx;tlp:white;otx:tag=""hvnc"";otx:tag=""njrat"";otx:tag=""banking fraud"";otx:tag=""vbscript dropper"";otx:tag=""asyncrat"";otx:tag=""limerat"";otx:tag=""process injection"";otx:tag=""apt-c-36"";otx:tag=""chrome credential theft"";otx:tag=""latin america"";dns_resolved_from:rema200426.duckdns.org",2026-07-24 13:54,2026-07-24 13:54
e7ad34cd80e6cb5a1e804e867b495f826aabf17c29f2c386db2e909c4f2dcaa6,ip,192.185.86.177,c2,high,Threat Intel Hub,block_and_report,True,"source:otx;tlp:white;otx:tag=""adaptixc2"";otx:tag=""defense-evasion"";otx:tag=""darkcloud stealer"";otx:tag=""malware-as-a-service"";otx:tag=""formbook"";otx:tag=""winos4.0"";otx:tag=""crypter-service"";otx:tag=""xworm"";otx:tag=""byovd"";otx:tag=""dcrat"";dns_resolved_from:almacensantangel.com",2026-07-24 13:54,2026-07-24 13:54
bbd8b9bf275c0d89e8b883abca4a8be916ef5f684e74ea9ed6137776627d8953,ip,85.239.149.178,c2,high,Threat Intel Hub,block_and_report,True,"source:otx;tlp:white;otx:tag=""adaptixc2"";otx:tag=""defense-evasion"";otx:tag=""darkcloud stealer"";otx:tag=""malware-as-a-service"";otx:tag=""formbook"";otx:tag=""winos4.0"";otx:tag=""crypter-service"";otx:tag=""xworm"";otx:tag=""byovd"";otx:tag=""dcrat"";dns_resolved_from:0zbqnac1t4dv2t2wuodv1m.com",2026-07-24 13:54,2026-07-24 13:54
87c11697c6cce7168316311aa0374ac449ce284d0fd6588ad49c6898cdaac592,ip,213.136.93.164,c2,high,Threat Intel Hub,block_and_report,True,"source:otx;tlp:white;otx:tag=""adaptixc2"";otx:tag=""defense-evasion"";otx:tag=""darkcloud stealer"";otx:tag=""malware-as-a-service"";otx:tag=""formbook"";otx:tag=""winos4.0"";otx:tag=""crypter-service"";otx:tag=""xworm"";otx:tag=""byovd"";otx:tag=""dcrat"";dns_resolved_from:digital-magicians.com",2026-07-24 13:54,2026-07-24 13:54
96e462a3f709c9af7d08d710d5a332f2bdd56a340720f91a2d7baf77b70de696,ip,103.23.172.117,c2,high,Threat Intel Hub,block_and_report,True,"source:otx;tlp:white;otx:tag=""adaptixc2"";otx:tag=""defense-evasion"";otx:tag=""darkcloud stealer"";otx:tag=""malware-as-a-service"";otx:tag=""formbook"";otx:tag=""winos4.0"";otx:tag=""crypter-service"";otx:tag=""xworm"";otx:tag=""byovd"";otx:tag=""dcrat"";dns_resolved_from:fvxcuvuyte.live",2026-07-24 13:54,2026-07-24 13:54
757431ded9f2e1e7c9137c6a38397df091932abfc8baa4299a9136fbe245475e,ip,103.23.172.117,c2,high,Threat Intel Hub,block_and_report,True,"source:otx;tlp:white;otx:tag=""adaptixc2"";otx:tag=""defense-evasion"";otx:tag=""darkcloud stealer"";otx:tag=""malware-as-a-service"";otx:tag=""formbook"";otx:tag=""winos4.0"";otx:tag=""crypter-service"";otx:tag=""xworm"";otx:tag=""byovd"";otx:tag=""dcrat"";dns_resolved_from:fuaytrwese.love",2026-07-24 13:54,2026-07-24 13:54
ebb3f2e73f137b09b81ade20d2cc186cb8b27a3f442a7d77a9d2967fd6e65407,ip,103.23.172.117,c2,high,Threat Intel Hub,block_and_report,True,"source:otx;tlp:white;otx:tag=""adaptixc2"";otx:tag=""defense-evasion"";otx:tag=""darkcloud stealer"";otx:tag=""malware-as-a-service"";otx:tag=""formbook"";otx:tag=""winos4.0"";otx:tag=""crypter-service"";otx:tag=""xworm"";otx:tag=""byovd"";otx:tag=""dcrat"";dns_resolved_from:hsauyeet.live",2026-07-24 13:54,2026-07-24 13:54
d8224ea7d740770bab3f69d3a035f5f2767699654ffd7a7c0f02910b59a51700,ip,103.23.172.117,c2,high,Threat Intel Hub,block_and_report,True,"source:otx;tlp:white;otx:tag=""adaptixc2"";otx:tag=""defense-evasion"";otx:tag=""darkcloud stealer"";otx:tag=""malware-as-a-service"";otx:tag=""formbook"";otx:tag=""winos4.0"";otx:tag=""crypter-service"";otx:tag=""xworm"";otx:tag=""byovd"";otx:tag=""dcrat"";dns_resolved_from:qeuasytua.love",2026-07-24 13:54,2026-07-24 13:54
09815fb3716ab815dacf1cf234fcd54514a45801cf22a971ec6ff78007fae85d,ip,103.23.172.117,c2,high,Threat Intel Hub,block_and_report,True,"source:otx;tlp:white;otx:tag=""adaptixc2"";otx:tag=""defense-evasion"";otx:tag=""darkcloud stealer"";otx:tag=""malware-as-a-service"";otx:tag=""formbook"";otx:tag=""winos4.0"";otx:tag=""crypter-service"";otx:tag=""xworm"";otx:tag=""byovd"";otx:tag=""dcrat"";dns_resolved_from:paiwudyea.love",2026-07-24 13:54,2026-07-24 13:54
aa8d15292ec6379725b41268b1963bfa59f44f1662b7a25e52b794f35f4fc1b1,ip,103.23.172.117,c2,high,Threat Intel Hub,block_and_report,True,"source:otx;tlp:white;otx:tag=""adaptixc2"";otx:tag=""defense-evasion"";otx:tag=""darkcloud stealer"";otx:tag=""malware-as-a-service"";otx:tag=""formbook"";otx:tag=""winos4.0"";otx:tag=""crypter-service"";otx:tag=""xworm"";otx:tag=""byovd"";otx:tag=""dcrat"";dns_resolved_from:syfiaydytea.live",2026-07-24 13:54,2026-07-24 13:54
89a8992dd02e02059d1079ab605f0854f0ffe40b24aea662cf38b5072f0f2e42,ip,103.23.172.117,c2,high,Threat Intel Hub,block_and_report,True,"source:otx;tlp:white;otx:tag=""adaptixc2"";otx:tag=""defense-evasion"";otx:tag=""darkcloud stealer"";otx:tag=""malware-as-a-service"";otx:tag=""formbook"";otx:tag=""winos4.0"";otx:tag=""crypter-service"";otx:tag=""xworm"";otx:tag=""byovd"";otx:tag=""dcrat"";dns_resolved_from:xnbscuya.love",2026-07-24 13:54,2026-07-24 13:54
a2675fa889eba21bc840e432d17f7d0684bc791188a5d9002c0863971ad5151c,ip,103.23.172.117,c2,high,Threat Intel Hub,block_and_report,True,"source:otx;tlp:white;otx:tag=""adaptixc2"";otx:tag=""defense-evasion"";otx:tag=""darkcloud stealer"";otx:tag=""malware-as-a-service"";otx:tag=""formbook"";otx:tag=""winos4.0"";otx:tag=""crypter-service"";otx:tag=""xworm"";otx:tag=""byovd"";otx:tag=""dcrat"";dns_resolved_from:xuastyrdqk.love",2026-07-24 13:54,2026-07-24 13:54
e98062fd233db0a3f5aa5a3c51b5735e56f97d470a8bc10c7464632c678544ad,ip,51.68.153.212,c2,high,Threat Intel Hub,block_and_report,True,"source:otx;tlp:white;otx:tag=""groupware"";otx:tag=""trollstealer"";otx:tag=""google drive c2"";otx:tag=""gomir"";otx:tag=""supply-chain"";otx:tag=""gobear"";otx:tag=""drivetroy"";otx:tag=""httpspy"";otx:tag=""south korea"";otx:tag=""birdtroy"";dns_resolved_from:node449013.dwservice.net",2026-07-24 13:54,2026-07-24 13:54
85d094c09146841d792c19f8fa18e2d4d4c54a0390e50812a0f9efed126ede8d,ip,194.61.31.164,c2,high,Threat Intel Hub,block_and_report,True,"source:otx;tlp:white;otx:tag=""groupware"";otx:tag=""trollstealer"";otx:tag=""google drive c2"";otx:tag=""gomir"";otx:tag=""supply-chain"";otx:tag=""gobear"";otx:tag=""drivetroy"";otx:tag=""httpspy"";otx:tag=""south korea"";otx:tag=""birdtroy"";dns_resolved_from:node828765.dwservice.net",2026-07-24 13:54,2026-07-24 13:54
1b22a209298dfeff4bc7cc7a0f09f55e9cd76cbfb1cd0404c134040e6b4e1259,ip,46.250.233.27,c2,high,Threat Intel Hub,block_and_report,True,"source:otx;tlp:white;otx:tag=""groupware"";otx:tag=""trollstealer"";otx:tag=""google drive c2"";otx:tag=""gomir"";otx:tag=""supply-chain"";otx:tag=""gobear"";otx:tag=""drivetroy"";otx:tag=""httpspy"";otx:tag=""south korea"";otx:tag=""birdtroy"";dns_resolved_from:node896147.dwservice.net",2026-07-24 13:54,2026-07-24 13:54
18b548e0dd1b096d12edd77db52d8e3d14017234600075463f23b1fea9c0eac5,ip,103.23.172.117,c2,high,Threat Intel Hub,block_and_report,True,"source:otx;tlp:white;otx:tag=""adaptixc2"";otx:tag=""defense-evasion"";otx:tag=""darkcloud stealer"";otx:tag=""malware-as-a-service"";otx:tag=""formbook"";otx:tag=""winos4.0"";otx:tag=""crypter-service"";otx:tag=""xworm"";otx:tag=""byovd"";otx:tag=""dcrat"";dns_resolved_from:jaiydteds.love",2026-07-24 13:54,2026-07-24 13:54
2e79bbe5ec95c27917198545047cb548cdc6a3421328806fdc02c0c404f00ac9,ip,103.23.172.117,c2,high,Threat Intel Hub,block_and_report,True,"source:otx;tlp:white;otx:tag=""adaptixc2"";otx:tag=""defense-evasion"";otx:tag=""darkcloud stealer"";otx:tag=""malware-as-a-service"";otx:tag=""formbook"";otx:tag=""winos4.0"";otx:tag=""crypter-service"";otx:tag=""xworm"";otx:tag=""byovd"";otx:tag=""dcrat"";dns_resolved_from:kdsuyrse.live",2026-07-24 13:54,2026-07-24 13:54
760f0261a0c48c78f49da822b64e3d389b43a0fffd1f2f20cb5c8b622d546b08,ip,103.23.172.117,c2,high,Threat Intel Hub,block_and_report,True,"source:otx;tlp:white;otx:tag=""adaptixc2"";otx:tag=""defense-evasion"";otx:tag=""darkcloud stealer"";otx:tag=""malware-as-a-service"";otx:tag=""formbook"";otx:tag=""winos4.0"";otx:tag=""crypter-service"";otx:tag=""xworm"";otx:tag=""byovd"";otx:tag=""dcrat"";dns_resolved_from:lisiutegrm.live",2026-07-24 13:54,2026-07-24 13:54
cdb35d1028bff91356dbe8b9bc8b38d5e609123845b4ac20e9352e61800c895f,ip,103.23.172.117,c2,high,Threat Intel Hub,block_and_report,True,"source:otx;tlp:white;otx:tag=""adaptixc2"";otx:tag=""defense-evasion"";otx:tag=""darkcloud stealer"";otx:tag=""malware-as-a-service"";otx:tag=""formbook"";otx:tag=""winos4.0"";otx:tag=""crypter-service"";otx:tag=""xworm"";otx:tag=""byovd"";otx:tag=""dcrat"";dns_resolved_from:mksfuuerwo.live",2026-07-24 13:54,2026-07-24 13:54
b86031a668890f5bafd165783765987e819a13ba87dba4dd255550072d2ce5d6,ip,103.23.172.117,c2,high,Threat Intel Hub,block_and_report,True,"source:otx;tlp:white;otx:tag=""adaptixc2"";otx:tag=""defense-evasion"";otx:tag=""darkcloud stealer"";otx:tag=""malware-as-a-service"";otx:tag=""formbook"";otx:tag=""winos4.0"";otx:tag=""crypter-service"";otx:tag=""xworm"";otx:tag=""byovd"";otx:tag=""dcrat"";dns_resolved_from:ncduuyese.live",2026-07-24 13:54,2026-07-24 13:54
f60eecce8a8577c757a4cddcc202d5ae4cc108a04249d3a80bbdfaab37d3f463,ip,103.23.172.117,c2,high,Threat Intel Hub,block_and_report,True,"source:otx;tlp:white;otx:tag=""adaptixc2"";otx:tag=""defense-evasion"";otx:tag=""darkcloud stealer"";otx:tag=""malware-as-a-service"";otx:tag=""formbook"";otx:tag=""winos4.0"";otx:tag=""crypter-service"";otx:tag=""xworm"";otx:tag=""byovd"";otx:tag=""dcrat"";dns_resolved_from:oakwusya.love",2026-07-24 13:54,2026-07-24 13:54
